"school","department","level","program","register_number","firstname","middlename","lastname","photo","email","mobile_number","password"
"School of Computing and Informatics","Computer Science & Engineering","UG","Computer Science & Engineering","251FA04001","Vivaan","","Verma","","vivaan.verma1k@vignan.ac.in","9970000001","Student#963"
"School of Computing and Informatics","Computer Science & Engineering","UG","Computer Science & Engineering","251FA04002","Aditya","","Pillai","","aditya.pillai2k@vignan.ac.in","9970000002","Student#963"
"School of Computing and Informatics","Computer Science & Engineering","UG","Computer Science & Engineering","251FA04003","Vihaan","Kumar","Sen","","vihaan.sen3k@vignan.ac.in","9970000003","Student#963"
"School of Computing and Informatics","Computer Science & Engineering","UG","Computer Science & Engineering","251FA04004","Arjun","Chandra","Dubey","","arjun.dubey4k@vignan.ac.in","9970000004","Student#963"
"School of Computing and Informatics","Computer Science & Engineering","UG","Computer Science & Engineering","251FA04005","Sai","Prasad","Thakur","","sai.thakur5k@vignan.ac.in","9970000005","Student#963"
"School of Computing and Informatics","Computer Science & Engineering","UG","Computer Science & Engineering","251FA04006","Reyansh","Raj","Kulkarni","","reyansh.kulkarni6k@vignan.ac.in","9970000006","Student#963"
"School of Computing and Informatics","Computer Science & Engineering","UG","Computer Science & Engineering","251FA04007","Ayaan","Venkata","Salunkhe","","ayaan.salunkhe7k@vignan.ac.in","9970000007","Student#963"
"School of Computing and Informatics","Computer Science & Engineering","UG","Computer Science & Engineering","251FA04008","Krishna","Sri","Sharma","","krishna.sharma8k@vignan.ac.in","9970000008","Student#963"
"School of Computing and Informatics","Computer Science & Engineering","UG","Computer Science & Engineering","251FA04009","Ishaan","Sai","Nair","","ishaan.nair9k@vignan.ac.in","9970000009","Student#963"
"School of Computing and Informatics","Computer Science & Engineering","UG","Computer Science & Engineering","251FA04010","Shaurya","Mohan","Mukherjee","","shaurya.mukherjee10k@vignan.ac.in","9970000010","Student#963"
"School of Computing and Informatics","Computer Science & Engineering","UG","Computer Science & Engineering","251FA04011","Atharva","Kishore","Tiwari","","atharva.tiwari11k@vignan.ac.in","9970000011","Student#963"
"School of Computing and Informatics","Computer Science & Engineering","UG","Computer Science & Engineering","251FA04012","Advik","Babu","Chauhan","","advik.chauhan12k@vignan.ac.in","9970000012","Student#963"
"School of Computing and Informatics","Computer Science & Engineering","UG","Computer Science & Engineering","251FA04013","Pranav","","Deshmukh","","pranav.deshmukh13k@vignan.ac.in","9970000013","Student#963"
"School of Computing and Informatics","Computer Science & Engineering","UG","Computer Science & Engineering","251FA04014","Advaith","","Sawant","","advaith.sawant14k@vignan.ac.in","9970000014","Student#963"
"School of Computing and Informatics","Computer Science & Engineering","UG","Computer Science & Engineering","251FA04015","Aaryan","","Naidu","","aaryan.naidu15k@vignan.ac.in","9970000015","Student#963"
"School of Computing and Informatics","Computer Science & Engineering","UG","Computer Science & Engineering","251FA04016","Dhruv","","Bhat","","dhruv.bhat16k@vignan.ac.in","9970000016","Student#963"
"School of Computing and Informatics","Computer Science & Engineering","UG","Computer Science & Engineering","251FA04017","Kabir","Kumar","Chatterjee","","kabir.chatterjee17k@vignan.ac.in","9970000017","Student#963"
"School of Computing and Informatics","Computer Science & Engineering","UG","Computer Science & Engineering","251FA04018","Ritvik","Chandra","Pandey","","ritvik.pandey18k@vignan.ac.in","9970000018","Student#963"
"School of Computing and Informatics","Computer Science & Engineering","UG","Computer Science & Engineering","251FA04019","Darsh","Prasad","Yadav","","darsh.yadav19k@vignan.ac.in","9970000019","Student#963"
"School of Computing and Informatics","Computer Science & Engineering","UG","Computer Science & Engineering","251FA04020","Ananya","Raj","Patil","","ananya.patil20k@vignan.ac.in","9970000020","Student#963"
"School of Computing and Informatics","Computer Science & Engineering","UG","Computer Science & Engineering","251FA04021","Diya","Venkata","Tamboli","","diya.tamboli21k@vignan.ac.in","9970000021","Student#963"
"School of Computing and Informatics","Computer Science & Engineering","UG","Computer Science & Engineering","251FA04022","Saanvi","Sri","Goud","","saanvi.goud22k@vignan.ac.in","9970000022","Student#963"
"School of Computing and Informatics","Computer Science & Engineering","UG","Computer Science & Engineering","251FA04023","Aadhya","Sai","Joshi","","aadhya.joshi23k@vignan.ac.in","9970000023","Student#963"
"School of Computing and Informatics","Computer Science & Engineering","UG","Computer Science & Engineering","251FA04024","Pari","Mohan","Banerjee","","pari.banerjee24k@vignan.ac.in","9970000024","Student#963"
"School of Computing and Informatics","Computer Science & Engineering","UG","Computer Science & Engineering","251FA04025","Kiara","Kishore","Mishra","","kiara.mishra25k@vignan.ac.in","9970000025","Student#963"
"School of Computing and Informatics","Computer Science & Engineering","UG","Computer Science & Engineering","251FA04026","Myra","Babu","Singh","","myra.singh26k@vignan.ac.in","9970000026","Student#963"
"School of Computing and Informatics","Computer Science & Engineering","UG","Computer Science & Engineering","251FA04027","Riya","","Shinde","","riya.shinde27k@vignan.ac.in","9970000027","Student#963"
"School of Computing and Informatics","Computer Science & Engineering","UG","Computer Science & Engineering","251FA04028","Anushka","","Gaikwad","","anushka.gaikwad28k@vignan.ac.in","9970000028","Student#963"
"School of Computing and Informatics","Computer Science & Engineering","UG","Computer Science & Engineering","251FA04029","Aarohi","","Varma","","aarohi.varma29k@vignan.ac.in","9970000029","Student#963"
"School of Computing and Informatics","Computer Science & Engineering","UG","Computer Science & Engineering","251FA04030","Isha","","Mehta","","isha.mehta30k@vignan.ac.in","9970000030","Student#963"
"School of Computing and Informatics","Computer Science & Engineering","UG","Computer Science & Engineering","251FA04031","Navya","Kumar","Das","","navya.das31k@vignan.ac.in","9970000031","Student#963"
"School of Computing and Informatics","Computer Science & Engineering","UG","Computer Science & Engineering","251FA04032","Avani","Chandra","Ghosh","","avani.ghosh32k@vignan.ac.in","9970000032","Student#963"
"School of Computing and Informatics","Computer Science & Engineering","UG","Computer Science & Engineering","251FA04033","Tanvi","Prasad","Prasad","","tanvi.prasad33k@vignan.ac.in","9970000033","Student#963"
"School of Computing and Informatics","Computer Science & Engineering","UG","Computer Science & Engineering","251FA04034","Shanaya","Raj","Kadam","","shanaya.kadam34k@vignan.ac.in","9970000034","Student#963"
"School of Computing and Informatics","Computer Science & Engineering","UG","Computer Science & Engineering","251FA04035","Pooja","Venkata","Bhosale","","pooja.bhosale35k@vignan.ac.in","9970000035","Student#963"
"School of Computing and Informatics","Computer Science & Engineering","UG","Computer Science & Engineering","251FA04036","Sneha","Sri","Rao","","sneha.rao36k@vignan.ac.in","9970000036","Student#963"
"School of Computing and Informatics","Computer Science & Engineering","UG","Computer Science & Engineering","251FA04037","Kavya","Sai","Patel","","kavya.patel37k@vignan.ac.in","9970000037","Student#963"
"School of Computing and Informatics","Computer Science & Engineering","UG","Computer Science & Engineering","251FA04038","Bhavya","Mohan","Menon","","bhavya.menon38k@vignan.ac.in","9970000038","Student#963"
"School of Computing and Informatics","Computer Science & Engineering","UG","Computer Science & Engineering","251FA04039","Deepika","Kishore","Dutta","","deepika.dutta39k@vignan.ac.in","9970000039","Student#963"
"School of Computing and Informatics","Computer Science & Engineering","UG","Computer Science & Engineering","251FA04040","Rohan","Babu","Kumar","","rohan.kumar40k@vignan.ac.in","9970000040","Student#963"
"School of Computing and Informatics","Computer Science & Engineering","UG","Computer Science & Engineering","251FA04041","Rahul","","Pawar","","rahul.pawar41k@vignan.ac.in","9970000041","Student#963"
"School of Computing and Informatics","Computer Science & Engineering","UG","Computer Science & Engineering","251FA04042","Karthik","","More","","karthik.more42k@vignan.ac.in","9970000042","Student#963"
"School of Computing and Informatics","Computer Science & Engineering","UG","Computer Science & Engineering","251FA04043","Varun","","Chowdhary","","varun.chowdhary43k@vignan.ac.in","9970000043","Student#963"
"School of Computing and Informatics","Computer Science & Engineering","UG","Computer Science & Engineering","251FA04044","Nikhil","","Gupta","","nikhil.gupta44k@vignan.ac.in","9970000044","Student#963"
"School of Computing and Informatics","Computer Science & Engineering","UG","Computer Science & Engineering","251FA04045","Sanjay","Kumar","Iyer","","sanjay.iyer45k@vignan.ac.in","9970000045","Student#963"
"School of Computing and Informatics","Computer Science & Engineering","UG","Computer Science & Engineering","251FA04046","Vikram","Chandra","Bose","","vikram.bose46k@vignan.ac.in","9970000046","Student#963"
"School of Computing and Informatics","Computer Science & Engineering","UG","Computer Science & Engineering","251FA04047","Harsh","Prasad","Shukla","","harsh.shukla47k@vignan.ac.in","9970000047","Student#963"
"School of Computing and Informatics","Computer Science & Engineering","UG","Computer Science & Engineering","251FA04048","Abhishek","Raj","Rathore","","abhishek.rathore48k@vignan.ac.in","9970000048","Student#963"
"School of Computing and Informatics","Computer Science & Engineering","UG","Computer Science & Engineering","251FA04049","Manish","Venkata","Jadhav","","manish.jadhav49k@vignan.ac.in","9970000049","Student#963"
"School of Computing and Informatics","Computer Science & Engineering","UG","Computer Science & Engineering","251FA04050","Praveen","Sri","Reddy","","praveen.reddy50k@vignan.ac.in","9970000050","Student#963"
"School of Computing and Informatics","Computer Science & Engineering","UG","Computer Science & Engineering","251FA04051","Suresh","Sai","Verma","","suresh.verma51k@vignan.ac.in","9970000051","Student#963"
"School of Computing and Informatics","Computer Science & Engineering","UG","Computer Science & Engineering","251FA04052","Ramesh","Mohan","Pillai","","ramesh.pillai52k@vignan.ac.in","9970000052","Student#963"
"School of Computing and Informatics","Computer Science & Engineering","UG","Computer Science & Engineering","251FA04053","Naresh","Kishore","Sen","","naresh.sen53k@vignan.ac.in","9970000053","Student#963"
"School of Computing and Informatics","Computer Science & Engineering","UG","Computer Science & Engineering","251FA04054","Ganesh","Babu","Dubey","","ganesh.dubey54k@vignan.ac.in","9970000054","Student#963"
"School of Computing and Informatics","Computer Science & Engineering","UG","Computer Science & Engineering","251FA04055","Mahesh","","Thakur","","mahesh.thakur55k@vignan.ac.in","9970000055","Student#963"
"School of Computing and Informatics","Computer Science & Engineering","UG","Computer Science & Engineering","251FA04056","Dinesh","","Kulkarni","","dinesh.kulkarni56k@vignan.ac.in","9970000056","Student#963"
"School of Computing and Informatics","Computer Science & Engineering","UG","Computer Science & Engineering","251FA04057","Rajesh","","Salunkhe","","rajesh.salunkhe57k@vignan.ac.in","9970000057","Student#963"
"School of Computing and Informatics","Computer Science & Engineering","UG","Computer Science & Engineering","251FA04058","Kiran","","Sharma","","kiran.sharma58k@vignan.ac.in","9970000058","Student#963"
"School of Computing and Informatics","Computer Science & Engineering","UG","Computer Science & Engineering","251FA04059","Tarun","Kumar","Nair","","tarun.nair59k@vignan.ac.in","9970000059","Student#963"
"School of Computing and Informatics","Computer Science & Engineering","UG","Computer Science & Engineering","251FA04060","Swathi","Chandra","Mukherjee","","swathi.mukherjee60k@vignan.ac.in","9970000060","Student#963"
"School of Computing and Informatics","Computer Science & Engineering","UG","Computer Science & Engineering","251FA04061","Divya","Prasad","Tiwari","","divya.tiwari61k@vignan.ac.in","9970000061","Student#963"
"School of Computing and Informatics","Computer Science & Engineering","UG","Computer Science & Engineering","251FA04062","Harini","Raj","Chauhan","","harini.chauhan62k@vignan.ac.in","9970000062","Student#963"
"School of Computing and Informatics","Computer Science & Engineering","UG","Computer Science & Engineering","251FA04063","Keerthi","Venkata","Deshmukh","","keerthi.deshmukh63k@vignan.ac.in","9970000063","Student#963"
"School of Computing and Informatics","Computer Science & Engineering","UG","Computer Science & Engineering","251FA04064","Lavanya","Sri","Sawant","","lavanya.sawant64k@vignan.ac.in","9970000064","Student#963"
"School of Computing and Informatics","Computer Science & Engineering","UG","Computer Science & Engineering","251FA04065","Meghana","Sai","Naidu","","meghana.naidu65k@vignan.ac.in","9970000065","Student#963"
"School of Computing and Informatics","Computer Science & Engineering","UG","Computer Science & Engineering","251FA04066","Mounika","Mohan","Bhat","","mounika.bhat66k@vignan.ac.in","9970000066","Student#963"
"School of Computing and Informatics","Computer Science & Engineering","UG","Computer Science & Engineering","251FA04067","Nandini","Kishore","Chatterjee","","nandini.chatterjee67k@vignan.ac.in","9970000067","Student#963"
"School of Computing and Informatics","Computer Science & Engineering","UG","Computer Science & Engineering","251FA04068","Pallavi","Babu","Pandey","","pallavi.pandey68k@vignan.ac.in","9970000068","Student#963"
"School of Computing and Informatics","Computer Science & Engineering","UG","Computer Science & Engineering","251FA04069","Pavani","","Yadav","","pavani.yadav69k@vignan.ac.in","9970000069","Student#963"
"School of Computing and Informatics","Computer Science & Engineering","UG","Computer Science & Engineering","251FA04070","Pranathi","","Patil","","pranathi.patil70k@vignan.ac.in","9970000070","Student#963"
"School of Computing and Informatics","Computer Science & Engineering","UG","Computer Science & Engineering","251FA04071","Ramya","","Tamboli","","ramya.tamboli71k@vignan.ac.in","9970000071","Student#963"
"School of Computing and Informatics","Computer Science & Engineering","UG","Computer Science & Engineering","251FA04072","Sandhya","","Goud","","sandhya.goud72k@vignan.ac.in","9970000072","Student#963"
"School of Computing and Informatics","Computer Science & Engineering","UG","Computer Science & Engineering","251FA04073","Sirisha","Kumar","Joshi","","sirisha.joshi73k@vignan.ac.in","9970000073","Student#963"
"School of Computing and Informatics","Computer Science & Engineering","UG","Computer Science & Engineering","251FA04074","Sowmya","Chandra","Banerjee","","sowmya.banerjee74k@vignan.ac.in","9970000074","Student#963"
"School of Computing and Informatics","Computer Science & Engineering","UG","Computer Science & Engineering","251FA04075","Sravani","Prasad","Mishra","","sravani.mishra75k@vignan.ac.in","9970000075","Student#963"
"School of Computing and Informatics","Computer Science & Engineering","UG","Computer Science & Engineering","251FA04076","Srinu","Raj","Singh","","srinu.singh76k@vignan.ac.in","9970000076","Student#963"
"School of Computing and Informatics","Computer Science & Engineering","UG","Computer Science & Engineering","251FA04077","Tejaswi","Venkata","Shinde","","tejaswi.shinde77k@vignan.ac.in","9970000077","Student#963"
"School of Computing and Informatics","Computer Science & Engineering","UG","Computer Science & Engineering","251FA04078","Vaishnavi","Sri","Gaikwad","","vaishnavi.gaikwad78k@vignan.ac.in","9970000078","Student#963"
"School of Computing and Informatics","Computer Science & Engineering","UG","Computer Science & Engineering","251FA04079","Yamini","Sai","Varma","","yamini.varma79k@vignan.ac.in","9970000079","Student#963"
"School of Computing and Informatics","Computer Science & Engineering","UG","Computer Science & Engineering","251FA04080","Aarav","Mohan","Mehta","","aarav.mehta80k@vignan.ac.in","9970000080","Student#963"
"School of Computing and Informatics","Computer Science & Engineering","UG","Computer Science & Engineering","251FA04081","Vivaan","Kishore","Das","","vivaan.das81k@vignan.ac.in","9970000081","Student#963"
"School of Computing and Informatics","Computer Science & Engineering","UG","Computer Science & Engineering","251FA04082","Aditya","Babu","Ghosh","","aditya.ghosh82k@vignan.ac.in","9970000082","Student#963"
"School of Computing and Informatics","Computer Science & Engineering","UG","Computer Science & Engineering","251FA04083","Vihaan","","Prasad","","vihaan.prasad83k@vignan.ac.in","9970000083","Student#963"
"School of Computing and Informatics","Computer Science & Engineering","UG","Computer Science & Engineering","251FA04084","Arjun","","Kadam","","arjun.kadam84k@vignan.ac.in","9970000084","Student#963"
"School of Computing and Informatics","Computer Science & Engineering","UG","Computer Science & Engineering","251FA04085","Sai","","Bhosale","","sai.bhosale85k@vignan.ac.in","9970000085","Student#963"
"School of Computing and Informatics","Computer Science & Engineering","UG","Computer Science & Engineering","251FA04086","Reyansh","","Rao","","reyansh.rao86k@vignan.ac.in","9970000086","Student#963"
"School of Computing and Informatics","Computer Science & Engineering","UG","Computer Science & Engineering","251FA04087","Ayaan","Kumar","Patel","","ayaan.patel87k@vignan.ac.in","9970000087","Student#963"
"School of Computing and Informatics","Computer Science & Engineering","UG","Computer Science & Engineering","251FA04088","Krishna","Chandra","Menon","","krishna.menon88k@vignan.ac.in","9970000088","Student#963"
"School of Computing and Informatics","Computer Science & Engineering","UG","Computer Science & Engineering","251FA04089","Ishaan","Prasad","Dutta","","ishaan.dutta89k@vignan.ac.in","9970000089","Student#963"
"School of Computing and Informatics","Computer Science & Engineering","UG","Computer Science & Engineering","251FA04090","Shaurya","Raj","Kumar","","shaurya.kumar90k@vignan.ac.in","9970000090","Student#963"
"School of Computing and Informatics","Computer Science & Engineering","UG","Computer Science & Engineering","251FA04091","Atharva","Venkata","Pawar","","atharva.pawar91k@vignan.ac.in","9970000091","Student#963"
"School of Computing and Informatics","Computer Science & Engineering","UG","Computer Science & Engineering","251FA04092","Advik","Sri","More","","advik.more92k@vignan.ac.in","9970000092","Student#963"
"School of Computing and Informatics","Computer Science & Engineering","UG","Computer Science & Engineering","251FA04093","Pranav","Sai","Chowdhary","","pranav.chowdhary93k@vignan.ac.in","9970000093","Student#963"
"School of Computing and Informatics","Computer Science & Engineering","UG","Computer Science & Engineering","251FA04094","Advaith","Mohan","Gupta","","advaith.gupta94k@vignan.ac.in","9970000094","Student#963"
"School of Computing and Informatics","Computer Science & Engineering","UG","Computer Science & Engineering","251FA04095","Aaryan","Kishore","Iyer","","aaryan.iyer95k@vignan.ac.in","9970000095","Student#963"
"School of Computing and Informatics","Computer Science & Engineering","UG","Computer Science & Engineering","251FA04096","Dhruv","Babu","Bose","","dhruv.bose96k@vignan.ac.in","9970000096","Student#963"
"School of Computing and Informatics","Computer Science & Engineering","UG","Computer Science & Engineering","251FA04097","Kabir","","Shukla","","kabir.shukla97k@vignan.ac.in","9970000097","Student#963"
"School of Computing and Informatics","Computer Science & Engineering","UG","Computer Science & Engineering","251FA04098","Ritvik","","Rathore","","ritvik.rathore98k@vignan.ac.in","9970000098","Student#963"
"School of Computing and Informatics","Computer Science & Engineering","UG","Computer Science & Engineering","251FA04099","Darsh","","Jadhav","","darsh.jadhav99k@vignan.ac.in","9970000099","Student#963"
"School of Computing and Informatics","Computer Science & Engineering","UG","Computer Science & Engineering","251FA04100","Ananya","","Reddy","","ananya.reddy100k@vignan.ac.in","9970000100","Student#963"
"School of Computing and Informatics","Computer Science & Engineering","UG","Computer Science & Engineering","251FA04101","Diya","Kumar","Verma","","diya.verma101k@vignan.ac.in","9970000101","Student#963"
"School of Computing and Informatics","Computer Science & Engineering","UG","Computer Science & Engineering","251FA04102","Saanvi","Chandra","Pillai","","saanvi.pillai102k@vignan.ac.in","9970000102","Student#963"
"School of Computing and Informatics","Computer Science & Engineering","UG","Computer Science & Engineering","251FA04103","Aadhya","Prasad","Sen","","aadhya.sen103k@vignan.ac.in","9970000103","Student#963"
"School of Computing and Informatics","Computer Science & Engineering","UG","Computer Science & Engineering","251FA04104","Pari","Raj","Dubey","","pari.dubey104k@vignan.ac.in","9970000104","Student#963"
"School of Computing and Informatics","Computer Science & Engineering","UG","Computer Science & Engineering","251FA04105","Kiara","Venkata","Thakur","","kiara.thakur105k@vignan.ac.in","9970000105","Student#963"
"School of Computing and Informatics","Computer Science & Engineering","UG","Computer Science & Engineering","251FA04106","Myra","Sri","Kulkarni","","myra.kulkarni106k@vignan.ac.in","9970000106","Student#963"
"School of Computing and Informatics","Computer Science & Engineering","UG","Computer Science & Engineering","251FA04107","Riya","Sai","Salunkhe","","riya.salunkhe107k@vignan.ac.in","9970000107","Student#963"
"School of Computing and Informatics","Computer Science & Engineering","UG","Computer Science & Engineering","251FA04108","Anushka","Mohan","Sharma","","anushka.sharma108k@vignan.ac.in","9970000108","Student#963"
"School of Computing and Informatics","Computer Science & Engineering","UG","Computer Science & Engineering","251FA04109","Aarohi","Kishore","Nair","","aarohi.nair109k@vignan.ac.in","9970000109","Student#963"
"School of Computing and Informatics","Computer Science & Engineering","UG","Computer Science & Engineering","251FA04110","Isha","Babu","Mukherjee","","isha.mukherjee110k@vignan.ac.in","9970000110","Student#963"
"School of Computing and Informatics","Computer Science & Engineering","UG","Computer Science & Engineering","251FA04111","Navya","","Tiwari","","navya.tiwari111k@vignan.ac.in","9970000111","Student#963"
"School of Computing and Informatics","Computer Science & Engineering","UG","Computer Science & Engineering","251FA04112","Avani","","Chauhan","","avani.chauhan112k@vignan.ac.in","9970000112","Student#963"
"School of Computing and Informatics","Computer Science & Engineering","UG","Computer Science & Engineering","251FA04113","Tanvi","","Deshmukh","","tanvi.deshmukh113k@vignan.ac.in","9970000113","Student#963"
"School of Computing and Informatics","Computer Science & Engineering","UG","Computer Science & Engineering","251FA04114","Shanaya","","Sawant","","shanaya.sawant114k@vignan.ac.in","9970000114","Student#963"
"School of Computing and Informatics","Computer Science & Engineering","UG","Computer Science & Engineering","251FA04115","Pooja","Kumar","Naidu","","pooja.naidu115k@vignan.ac.in","9970000115","Student#963"
"School of Computing and Informatics","Computer Science & Engineering","UG","Computer Science & Engineering","251FA04116","Sneha","Chandra","Bhat","","sneha.bhat116k@vignan.ac.in","9970000116","Student#963"
"School of Computing and Informatics","Computer Science & Engineering","UG","Computer Science & Engineering","251FA04117","Kavya","Prasad","Chatterjee","","kavya.chatterjee117k@vignan.ac.in","9970000117","Student#963"
"School of Computing and Informatics","Computer Science & Engineering","UG","Computer Science & Engineering","251FA04118","Bhavya","Raj","Pandey","","bhavya.pandey118k@vignan.ac.in","9970000118","Student#963"
"School of Computing and Informatics","Computer Science & Engineering","UG","Computer Science & Engineering","251FA04119","Deepika","Venkata","Yadav","","deepika.yadav119k@vignan.ac.in","9970000119","Student#963"
"School of Computing and Informatics","Computer Science & Engineering","UG","Computer Science & Engineering","251FA04120","Rohan","Sri","Patil","","rohan.patil120k@vignan.ac.in","9970000120","Student#963"
"School of Computing and Informatics","Computer Science & Engineering","UG","Computer Science & Engineering","251FA04121","Rahul","Sai","Tamboli","","rahul.tamboli121k@vignan.ac.in","9970000121","Student#963"
"School of Computing and Informatics","Computer Science & Engineering","UG","Computer Science & Engineering","251FA04122","Karthik","Mohan","Goud","","karthik.goud122k@vignan.ac.in","9970000122","Student#963"
"School of Computing and Informatics","Computer Science & Engineering","UG","Computer Science & Engineering","251FA04123","Varun","Kishore","Joshi","","varun.joshi123k@vignan.ac.in","9970000123","Student#963"
"School of Computing and Informatics","Computer Science & Engineering","UG","Computer Science & Engineering","251FA04124","Nikhil","Babu","Banerjee","","nikhil.banerjee124k@vignan.ac.in","9970000124","Student#963"
"School of Computing and Informatics","Computer Science & Engineering","UG","Computer Science & Engineering","251FA04125","Sanjay","","Mishra","","sanjay.mishra125k@vignan.ac.in","9970000125","Student#963"
"School of Computing and Informatics","Computer Science & Engineering","UG","Computer Science & Engineering","251FA04126","Vikram","","Singh","","vikram.singh126k@vignan.ac.in","9970000126","Student#963"
"School of Computing and Informatics","Computer Science & Engineering","UG","Computer Science & Engineering","251FA04127","Harsh","","Shinde","","harsh.shinde127k@vignan.ac.in","9970000127","Student#963"
"School of Computing and Informatics","Computer Science & Engineering","UG","Computer Science & Engineering","251FA04128","Abhishek","","Gaikwad","","abhishek.gaikwad128k@vignan.ac.in","9970000128","Student#963"
"School of Computing and Informatics","Computer Science & Engineering","UG","Computer Science & Engineering","251FA04129","Manish","Kumar","Varma","","manish.varma129k@vignan.ac.in","9970000129","Student#963"
"School of Computing and Informatics","Computer Science & Engineering","UG","Computer Science & Engineering","251FA04130","Praveen","Chandra","Mehta","","praveen.mehta130k@vignan.ac.in","9970000130","Student#963"
"School of Computing and Informatics","Computer Science & Engineering","UG","Computer Science & Engineering","251FA04131","Suresh","Prasad","Das","","suresh.das131k@vignan.ac.in","9970000131","Student#963"
"School of Computing and Informatics","Computer Science & Engineering","UG","Computer Science & Engineering","251FA04132","Ramesh","Raj","Ghosh","","ramesh.ghosh132k@vignan.ac.in","9970000132","Student#963"
"School of Computing and Informatics","Computer Science & Engineering","UG","Computer Science & Engineering","251FA04133","Naresh","Venkata","Prasad","","naresh.prasad133k@vignan.ac.in","9970000133","Student#963"
"School of Computing and Informatics","Computer Science & Engineering","UG","Computer Science & Engineering","251FA04134","Ganesh","Sri","Kadam","","ganesh.kadam134k@vignan.ac.in","9970000134","Student#963"
"School of Computing and Informatics","Computer Science & Engineering","UG","Computer Science & Engineering","251FA04135","Mahesh","Sai","Bhosale","","mahesh.bhosale135k@vignan.ac.in","9970000135","Student#963"
"School of Computing and Informatics","Computer Science & Engineering","UG","Computer Science & Engineering","251FA04136","Dinesh","Mohan","Rao","","dinesh.rao136k@vignan.ac.in","9970000136","Student#963"
"School of Computing and Informatics","Computer Science & Engineering","UG","Computer Science & Engineering","251FA04137","Rajesh","Kishore","Patel","","rajesh.patel137k@vignan.ac.in","9970000137","Student#963"
"School of Computing and Informatics","Computer Science & Engineering","UG","Computer Science & Engineering","251FA04138","Kiran","Babu","Menon","","kiran.menon138k@vignan.ac.in","9970000138","Student#963"
"School of Computing and Informatics","Computer Science & Engineering","UG","Computer Science & Engineering","251FA04139","Tarun","","Dutta","","tarun.dutta139k@vignan.ac.in","9970000139","Student#963"
"School of Computing and Informatics","Computer Science & Engineering","UG","Computer Science & Engineering","251FA04140","Swathi","","Kumar","","swathi.kumar140k@vignan.ac.in","9970000140","Student#963"
"School of Computing and Informatics","Computer Science & Engineering","UG","Computer Science & Engineering","251FA04141","Divya","","Pawar","","divya.pawar141k@vignan.ac.in","9970000141","Student#963"
"School of Computing and Informatics","Computer Science & Engineering","UG","Computer Science & Engineering","251FA04142","Harini","","More","","harini.more142k@vignan.ac.in","9970000142","Student#963"
"School of Computing and Informatics","Computer Science & Engineering","UG","Computer Science & Engineering","251FA04143","Keerthi","Kumar","Chowdhary","","keerthi.chowdhary143k@vignan.ac.in","9970000143","Student#963"
"School of Computing and Informatics","Computer Science & Engineering","UG","Computer Science & Engineering","251FA04144","Lavanya","Chandra","Gupta","","lavanya.gupta144k@vignan.ac.in","9970000144","Student#963"
"School of Computing and Informatics","Computer Science & Engineering","UG","Computer Science & Engineering","251FA04145","Meghana","Prasad","Iyer","","meghana.iyer145k@vignan.ac.in","9970000145","Student#963"
"School of Computing and Informatics","Computer Science & Engineering","UG","Computer Science & Engineering","251FA04146","Mounika","Raj","Bose","","mounika.bose146k@vignan.ac.in","9970000146","Student#963"
"School of Computing and Informatics","Computer Science & Engineering","UG","Computer Science & Engineering","251FA04147","Nandini","Venkata","Shukla","","nandini.shukla147k@vignan.ac.in","9970000147","Student#963"
"School of Computing and Informatics","Computer Science & Engineering","UG","Computer Science & Engineering","251FA04148","Pallavi","Sri","Rathore","","pallavi.rathore148k@vignan.ac.in","9970000148","Student#963"
"School of Computing and Informatics","Computer Science & Engineering","UG","Computer Science & Engineering","251FA04149","Pavani","Sai","Jadhav","","pavani.jadhav149k@vignan.ac.in","9970000149","Student#963"
"School of Computing and Informatics","Computer Science & Engineering","UG","Computer Science & Engineering","251FA04150","Pranathi","Mohan","Reddy","","pranathi.reddy150k@vignan.ac.in","9970000150","Student#963"
"School of Computing and Informatics","Computer Science & Engineering","UG","Computer Science & Engineering","251FA04151","Ramya","Kishore","Verma","","ramya.verma151k@vignan.ac.in","9970000151","Student#963"
"School of Computing and Informatics","Computer Science & Engineering","UG","Computer Science & Engineering","251FA04152","Sandhya","Babu","Pillai","","sandhya.pillai152k@vignan.ac.in","9970000152","Student#963"
"School of Computing and Informatics","Computer Science & Engineering","UG","Computer Science & Engineering","251FA04153","Sirisha","","Sen","","sirisha.sen153k@vignan.ac.in","9970000153","Student#963"
"School of Computing and Informatics","Computer Science & Engineering","UG","Computer Science & Engineering","251FA04154","Sowmya","","Dubey","","sowmya.dubey154k@vignan.ac.in","9970000154","Student#963"
"School of Computing and Informatics","Computer Science & Engineering","UG","Computer Science & Engineering","251FA04155","Sravani","","Thakur","","sravani.thakur155k@vignan.ac.in","9970000155","Student#963"
"School of Computing and Informatics","Computer Science & Engineering","UG","Computer Science & Engineering","251FA04156","Srinu","","Kulkarni","","srinu.kulkarni156k@vignan.ac.in","9970000156","Student#963"
"School of Computing and Informatics","Computer Science & Engineering","UG","Computer Science & Engineering","251FA04157","Tejaswi","Kumar","Salunkhe","","tejaswi.salunkhe157k@vignan.ac.in","9970000157","Student#963"
"School of Computing and Informatics","Computer Science & Engineering","UG","Computer Science & Engineering","251FA04158","Vaishnavi","Chandra","Sharma","","vaishnavi.sharma158k@vignan.ac.in","9970000158","Student#963"
"School of Computing and Informatics","Computer Science & Engineering","UG","Computer Science & Engineering","251FA04159","Yamini","Prasad","Nair","","yamini.nair159k@vignan.ac.in","9970000159","Student#963"
"School of Computing and Informatics","Computer Science & Engineering","UG","Computer Science & Engineering","251FA04160","Aarav","Raj","Mukherjee","","aarav.mukherjee160k@vignan.ac.in","9970000160","Student#963"
"School of Computing and Informatics","Computer Science & Engineering","UG","Computer Science & Engineering","251FA04161","Vivaan","Venkata","Tiwari","","vivaan.tiwari161k@vignan.ac.in","9970000161","Student#963"
"School of Computing and Informatics","Computer Science & Engineering","UG","Computer Science & Engineering","251FA04162","Aditya","Sri","Chauhan","","aditya.chauhan162k@vignan.ac.in","9970000162","Student#963"
"School of Computing and Informatics","Computer Science & Engineering","UG","Computer Science & Engineering","251FA04163","Vihaan","Sai","Deshmukh","","vihaan.deshmukh163k@vignan.ac.in","9970000163","Student#963"
"School of Computing and Informatics","Computer Science & Engineering","UG","Computer Science & Engineering","251FA04164","Arjun","Mohan","Sawant","","arjun.sawant164k@vignan.ac.in","9970000164","Student#963"
"School of Computing and Informatics","Computer Science & Engineering","UG","Computer Science & Engineering","251FA04165","Sai","Kishore","Naidu","","sai.naidu165k@vignan.ac.in","9970000165","Student#963"
"School of Computing and Informatics","Computer Science & Engineering","UG","Computer Science & Engineering","251FA04166","Reyansh","Babu","Bhat","","reyansh.bhat166k@vignan.ac.in","9970000166","Student#963"
"School of Computing and Informatics","Computer Science & Engineering","UG","Computer Science & Engineering","251FA04167","Ayaan","","Chatterjee","","ayaan.chatterjee167k@vignan.ac.in","9970000167","Student#963"
"School of Computing and Informatics","Computer Science & Engineering","UG","Computer Science & Engineering","251FA04168","Krishna","","Pandey","","krishna.pandey168k@vignan.ac.in","9970000168","Student#963"
"School of Computing and Informatics","Computer Science & Engineering","UG","Computer Science & Engineering","251FA04169","Ishaan","","Yadav","","ishaan.yadav169k@vignan.ac.in","9970000169","Student#963"
"School of Computing and Informatics","Computer Science & Engineering","UG","Computer Science & Engineering","251FA04170","Shaurya","","Patil","","shaurya.patil170k@vignan.ac.in","9970000170","Student#963"
"School of Computing and Informatics","Computer Science & Engineering","UG","Computer Science & Engineering","251FA04171","Atharva","Kumar","Tamboli","","atharva.tamboli171k@vignan.ac.in","9970000171","Student#963"
"School of Computing and Informatics","Computer Science & Engineering","UG","Computer Science & Engineering","251FA04172","Advik","Chandra","Goud","","advik.goud172k@vignan.ac.in","9970000172","Student#963"
"School of Computing and Informatics","Computer Science & Engineering","UG","Computer Science & Engineering","251FA04173","Pranav","Prasad","Joshi","","pranav.joshi173k@vignan.ac.in","9970000173","Student#963"
"School of Computing and Informatics","Computer Science & Engineering","UG","Computer Science & Engineering","251FA04174","Advaith","Raj","Banerjee","","advaith.banerjee174k@vignan.ac.in","9970000174","Student#963"
"School of Computing and Informatics","Computer Science & Engineering","UG","Computer Science & Engineering","251FA04175","Aaryan","Venkata","Mishra","","aaryan.mishra175k@vignan.ac.in","9970000175","Student#963"
"School of Computing and Informatics","Computer Science & Engineering","UG","Computer Science & Engineering","251FA04176","Dhruv","Sri","Singh","","dhruv.singh176k@vignan.ac.in","9970000176","Student#963"
"School of Computing and Informatics","Computer Science & Engineering","UG","Computer Science & Engineering","251FA04177","Kabir","Sai","Shinde","","kabir.shinde177k@vignan.ac.in","9970000177","Student#963"
"School of Computing and Informatics","Computer Science & Engineering","UG","Computer Science & Engineering","251FA04178","Ritvik","Mohan","Gaikwad","","ritvik.gaikwad178k@vignan.ac.in","9970000178","Student#963"
"School of Computing and Informatics","Computer Science & Engineering","UG","Computer Science & Engineering","251FA04179","Darsh","Kishore","Varma","","darsh.varma179k@vignan.ac.in","9970000179","Student#963"
"School of Computing and Informatics","Computer Science & Engineering","UG","Computer Science & Engineering","251FA04180","Ananya","Babu","Mehta","","ananya.mehta180k@vignan.ac.in","9970000180","Student#963"
"School of Computing and Informatics","Computer Science & Engineering","UG","Computer Science & Engineering","251FA04181","Diya","","Das","","diya.das181k@vignan.ac.in","9970000181","Student#963"
"School of Computing and Informatics","Computer Science & Engineering","UG","Computer Science & Engineering","251FA04182","Saanvi","","Ghosh","","saanvi.ghosh182k@vignan.ac.in","9970000182","Student#963"
"School of Computing and Informatics","Computer Science & Engineering","UG","Computer Science & Engineering","251FA04183","Aadhya","","Prasad","","aadhya.prasad183k@vignan.ac.in","9970000183","Student#963"
"School of Computing and Informatics","Computer Science & Engineering","UG","Computer Science & Engineering","251FA04184","Pari","","Kadam","","pari.kadam184k@vignan.ac.in","9970000184","Student#963"
"School of Computing and Informatics","Computer Science & Engineering","UG","Computer Science & Engineering","251FA04185","Kiara","Kumar","Bhosale","","kiara.bhosale185k@vignan.ac.in","9970000185","Student#963"
"School of Computing and Informatics","Computer Science & Engineering","UG","Computer Science & Engineering","251FA04186","Myra","Chandra","Rao","","myra.rao186k@vignan.ac.in","9970000186","Student#963"
"School of Computing and Informatics","Computer Science & Engineering","UG","Computer Science & Engineering","251FA04187","Riya","Prasad","Patel","","riya.patel187k@vignan.ac.in","9970000187","Student#963"
"School of Computing and Informatics","Computer Science & Engineering","UG","Computer Science & Engineering","251FA04188","Anushka","Raj","Menon","","anushka.menon188k@vignan.ac.in","9970000188","Student#963"
"School of Computing and Informatics","Computer Science & Engineering","UG","Computer Science & Engineering","251FA04189","Aarohi","Venkata","Dutta","","aarohi.dutta189k@vignan.ac.in","9970000189","Student#963"
"School of Computing and Informatics","Computer Science & Engineering","UG","Computer Science & Engineering","251FA04190","Isha","Sri","Kumar","","isha.kumar190k@vignan.ac.in","9970000190","Student#963"
"School of Computing and Informatics","Computer Science & Engineering","UG","Computer Science & Engineering","251FA04191","Navya","Sai","Pawar","","navya.pawar191k@vignan.ac.in","9970000191","Student#963"
"School of Computing and Informatics","Computer Science & Engineering","UG","Computer Science & Engineering","251FA04192","Avani","Mohan","More","","avani.more192k@vignan.ac.in","9970000192","Student#963"
"School of Computing and Informatics","Computer Science & Engineering","UG","Computer Science & Engineering","251FA04193","Tanvi","Kishore","Chowdhary","","tanvi.chowdhary193k@vignan.ac.in","9970000193","Student#963"
"School of Computing and Informatics","Computer Science & Engineering","UG","Computer Science & Engineering","251FA04194","Shanaya","Babu","Gupta","","shanaya.gupta194k@vignan.ac.in","9970000194","Student#963"
"School of Computing and Informatics","Computer Science & Engineering","UG","Computer Science & Engineering","251FA04195","Pooja","","Iyer","","pooja.iyer195k@vignan.ac.in","9970000195","Student#963"
"School of Computing and Informatics","Computer Science & Engineering","UG","Computer Science & Engineering","251FA04196","Sneha","","Bose","","sneha.bose196k@vignan.ac.in","9970000196","Student#963"
"School of Computing and Informatics","Computer Science & Engineering","UG","Computer Science & Engineering","251FA04197","Kavya","","Shukla","","kavya.shukla197k@vignan.ac.in","9970000197","Student#963"
"School of Computing and Informatics","Computer Science & Engineering","UG","Computer Science & Engineering","251FA04198","Bhavya","","Rathore","","bhavya.rathore198k@vignan.ac.in","9970000198","Student#963"
"School of Computing and Informatics","Computer Science & Engineering","UG","Computer Science & Engineering","251FA04199","Deepika","Kumar","Jadhav","","deepika.jadhav199k@vignan.ac.in","9970000199","Student#963"
"School of Computing and Informatics","Computer Science & Engineering","UG","Computer Science & Engineering","251FA04200","Rohan","Chandra","Reddy","","rohan.reddy200k@vignan.ac.in","9970000200","Student#963"
"School of Computing and Informatics","Advanced Computer Science and Engineering","UG","Artificial Intelligence and Machine Learning","251FA18001","Rahul","Prasad","Verma","","rahul.verma201k@vignan.ac.in","9970000201","Student#963"
"School of Computing and Informatics","Advanced Computer Science and Engineering","UG","Artificial Intelligence and Machine Learning","251FA18002","Karthik","Raj","Pillai","","karthik.pillai202k@vignan.ac.in","9970000202","Student#963"
"School of Computing and Informatics","Advanced Computer Science and Engineering","UG","Artificial Intelligence and Machine Learning","251FA18003","Varun","Venkata","Sen","","varun.sen203k@vignan.ac.in","9970000203","Student#963"
"School of Computing and Informatics","Advanced Computer Science and Engineering","UG","Artificial Intelligence and Machine Learning","251FA18004","Nikhil","Sri","Dubey","","nikhil.dubey204k@vignan.ac.in","9970000204","Student#963"
"School of Computing and Informatics","Advanced Computer Science and Engineering","UG","Artificial Intelligence and Machine Learning","251FA18005","Sanjay","Sai","Thakur","","sanjay.thakur205k@vignan.ac.in","9970000205","Student#963"
"School of Computing and Informatics","Advanced Computer Science and Engineering","UG","Artificial Intelligence and Machine Learning","251FA18006","Vikram","Mohan","Kulkarni","","vikram.kulkarni206k@vignan.ac.in","9970000206","Student#963"
"School of Computing and Informatics","Advanced Computer Science and Engineering","UG","Artificial Intelligence and Machine Learning","251FA18007","Harsh","Kishore","Salunkhe","","harsh.salunkhe207k@vignan.ac.in","9970000207","Student#963"
"School of Computing and Informatics","Advanced Computer Science and Engineering","UG","Artificial Intelligence and Machine Learning","251FA18008","Abhishek","Babu","Sharma","","abhishek.sharma208k@vignan.ac.in","9970000208","Student#963"
"School of Computing and Informatics","Advanced Computer Science and Engineering","UG","Artificial Intelligence and Machine Learning","251FA18009","Manish","","Nair","","manish.nair209k@vignan.ac.in","9970000209","Student#963"
"School of Computing and Informatics","Advanced Computer Science and Engineering","UG","Artificial Intelligence and Machine Learning","251FA18010","Praveen","","Mukherjee","","praveen.mukherjee210k@vignan.ac.in","9970000210","Student#963"
"School of Computing and Informatics","Advanced Computer Science and Engineering","UG","Artificial Intelligence and Machine Learning","251FA18011","Suresh","","Tiwari","","suresh.tiwari211k@vignan.ac.in","9970000211","Student#963"
"School of Computing and Informatics","Advanced Computer Science and Engineering","UG","Artificial Intelligence and Machine Learning","251FA18012","Ramesh","","Chauhan","","ramesh.chauhan212k@vignan.ac.in","9970000212","Student#963"
"School of Computing and Informatics","Advanced Computer Science and Engineering","UG","Artificial Intelligence and Machine Learning","251FA18013","Naresh","Kumar","Deshmukh","","naresh.deshmukh213k@vignan.ac.in","9970000213","Student#963"
"School of Computing and Informatics","Advanced Computer Science and Engineering","UG","Artificial Intelligence and Machine Learning","251FA18014","Ganesh","Chandra","Sawant","","ganesh.sawant214k@vignan.ac.in","9970000214","Student#963"
"School of Computing and Informatics","Advanced Computer Science and Engineering","UG","Artificial Intelligence and Machine Learning","251FA18015","Mahesh","Prasad","Naidu","","mahesh.naidu215k@vignan.ac.in","9970000215","Student#963"
"School of Computing and Informatics","Advanced Computer Science and Engineering","UG","Artificial Intelligence and Machine Learning","251FA18016","Dinesh","Raj","Bhat","","dinesh.bhat216k@vignan.ac.in","9970000216","Student#963"
"School of Computing and Informatics","Advanced Computer Science and Engineering","UG","Artificial Intelligence and Machine Learning","251FA18017","Rajesh","Venkata","Chatterjee","","rajesh.chatterjee217k@vignan.ac.in","9970000217","Student#963"
"School of Computing and Informatics","Advanced Computer Science and Engineering","UG","Artificial Intelligence and Machine Learning","251FA18018","Kiran","Sri","Pandey","","kiran.pandey218k@vignan.ac.in","9970000218","Student#963"
"School of Computing and Informatics","Advanced Computer Science and Engineering","UG","Artificial Intelligence and Machine Learning","251FA18019","Tarun","Sai","Yadav","","tarun.yadav219k@vignan.ac.in","9970000219","Student#963"
"School of Computing and Informatics","Advanced Computer Science and Engineering","UG","Artificial Intelligence and Machine Learning","251FA18020","Swathi","Mohan","Patil","","swathi.patil220k@vignan.ac.in","9970000220","Student#963"
"School of Computing and Informatics","Advanced Computer Science and Engineering","UG","Artificial Intelligence and Machine Learning","251FA18021","Divya","Kishore","Tamboli","","divya.tamboli221k@vignan.ac.in","9970000221","Student#963"
"School of Computing and Informatics","Advanced Computer Science and Engineering","UG","Artificial Intelligence and Machine Learning","251FA18022","Harini","Babu","Goud","","harini.goud222k@vignan.ac.in","9970000222","Student#963"
"School of Computing and Informatics","Advanced Computer Science and Engineering","UG","Artificial Intelligence and Machine Learning","251FA18023","Keerthi","","Joshi","","keerthi.joshi223k@vignan.ac.in","9970000223","Student#963"
"School of Computing and Informatics","Advanced Computer Science and Engineering","UG","Artificial Intelligence and Machine Learning","251FA18024","Lavanya","","Banerjee","","lavanya.banerjee224k@vignan.ac.in","9970000224","Student#963"
"School of Computing and Informatics","Advanced Computer Science and Engineering","UG","Artificial Intelligence and Machine Learning","251FA18025","Meghana","","Mishra","","meghana.mishra225k@vignan.ac.in","9970000225","Student#963"
"School of Computing and Informatics","Advanced Computer Science and Engineering","UG","Artificial Intelligence and Machine Learning","251FA18026","Mounika","","Singh","","mounika.singh226k@vignan.ac.in","9970000226","Student#963"
"School of Computing and Informatics","Advanced Computer Science and Engineering","UG","Artificial Intelligence and Machine Learning","251FA18027","Nandini","Kumar","Shinde","","nandini.shinde227k@vignan.ac.in","9970000227","Student#963"
"School of Computing and Informatics","Advanced Computer Science and Engineering","UG","Artificial Intelligence and Machine Learning","251FA18028","Pallavi","Chandra","Gaikwad","","pallavi.gaikwad228k@vignan.ac.in","9970000228","Student#963"
"School of Computing and Informatics","Advanced Computer Science and Engineering","UG","Artificial Intelligence and Machine Learning","251FA18029","Pavani","Prasad","Varma","","pavani.varma229k@vignan.ac.in","9970000229","Student#963"
"School of Computing and Informatics","Advanced Computer Science and Engineering","UG","Artificial Intelligence and Machine Learning","251FA18030","Pranathi","Raj","Mehta","","pranathi.mehta230k@vignan.ac.in","9970000230","Student#963"
"School of Computing and Informatics","Advanced Computer Science and Engineering","UG","Artificial Intelligence and Machine Learning","251FA18031","Ramya","Venkata","Das","","ramya.das231k@vignan.ac.in","9970000231","Student#963"
"School of Computing and Informatics","Advanced Computer Science and Engineering","UG","Artificial Intelligence and Machine Learning","251FA18032","Sandhya","Sri","Ghosh","","sandhya.ghosh232k@vignan.ac.in","9970000232","Student#963"
"School of Computing and Informatics","Advanced Computer Science and Engineering","UG","Artificial Intelligence and Machine Learning","251FA18033","Sirisha","Sai","Prasad","","sirisha.prasad233k@vignan.ac.in","9970000233","Student#963"
"School of Computing and Informatics","Advanced Computer Science and Engineering","UG","Artificial Intelligence and Machine Learning","251FA18034","Sowmya","Mohan","Kadam","","sowmya.kadam234k@vignan.ac.in","9970000234","Student#963"
"School of Computing and Informatics","Advanced Computer Science and Engineering","UG","Artificial Intelligence and Machine Learning","251FA18035","Sravani","Kishore","Bhosale","","sravani.bhosale235k@vignan.ac.in","9970000235","Student#963"
"School of Computing and Informatics","Advanced Computer Science and Engineering","UG","Artificial Intelligence and Machine Learning","251FA18036","Srinu","Babu","Rao","","srinu.rao236k@vignan.ac.in","9970000236","Student#963"
"School of Computing and Informatics","Advanced Computer Science and Engineering","UG","Artificial Intelligence and Machine Learning","251FA18037","Tejaswi","","Patel","","tejaswi.patel237k@vignan.ac.in","9970000237","Student#963"
"School of Computing and Informatics","Advanced Computer Science and Engineering","UG","Artificial Intelligence and Machine Learning","251FA18038","Vaishnavi","","Menon","","vaishnavi.menon238k@vignan.ac.in","9970000238","Student#963"
"School of Computing and Informatics","Advanced Computer Science and Engineering","UG","Artificial Intelligence and Machine Learning","251FA18039","Yamini","","Dutta","","yamini.dutta239k@vignan.ac.in","9970000239","Student#963"
"School of Computing and Informatics","Advanced Computer Science and Engineering","UG","Artificial Intelligence and Machine Learning","251FA18040","Aarav","","Kumar","","aarav.kumar240k@vignan.ac.in","9970000240","Student#963"
"School of Computing and Informatics","Advanced Computer Science and Engineering","UG","Artificial Intelligence and Machine Learning","251FA18041","Vivaan","Kumar","Pawar","","vivaan.pawar241k@vignan.ac.in","9970000241","Student#963"
"School of Computing and Informatics","Advanced Computer Science and Engineering","UG","Artificial Intelligence and Machine Learning","251FA18042","Aditya","Chandra","More","","aditya.more242k@vignan.ac.in","9970000242","Student#963"
"School of Computing and Informatics","Advanced Computer Science and Engineering","UG","Artificial Intelligence and Machine Learning","251FA18043","Vihaan","Prasad","Chowdhary","","vihaan.chowdhary243k@vignan.ac.in","9970000243","Student#963"
"School of Computing and Informatics","Advanced Computer Science and Engineering","UG","Artificial Intelligence and Machine Learning","251FA18044","Arjun","Raj","Gupta","","arjun.gupta244k@vignan.ac.in","9970000244","Student#963"
"School of Computing and Informatics","Advanced Computer Science and Engineering","UG","Artificial Intelligence and Machine Learning","251FA18045","Sai","Venkata","Iyer","","sai.iyer245k@vignan.ac.in","9970000245","Student#963"
"School of Computing and Informatics","Advanced Computer Science and Engineering","UG","Artificial Intelligence and Machine Learning","251FA18046","Reyansh","Sri","Bose","","reyansh.bose246k@vignan.ac.in","9970000246","Student#963"
"School of Computing and Informatics","Advanced Computer Science and Engineering","UG","Artificial Intelligence and Machine Learning","251FA18047","Ayaan","Sai","Shukla","","ayaan.shukla247k@vignan.ac.in","9970000247","Student#963"
"School of Computing and Informatics","Advanced Computer Science and Engineering","UG","Artificial Intelligence and Machine Learning","251FA18048","Krishna","Mohan","Rathore","","krishna.rathore248k@vignan.ac.in","9970000248","Student#963"
"School of Computing and Informatics","Advanced Computer Science and Engineering","UG","Artificial Intelligence and Machine Learning","251FA18049","Ishaan","Kishore","Jadhav","","ishaan.jadhav249k@vignan.ac.in","9970000249","Student#963"
"School of Computing and Informatics","Advanced Computer Science and Engineering","UG","Artificial Intelligence and Machine Learning","251FA18050","Shaurya","Babu","Reddy","","shaurya.reddy250k@vignan.ac.in","9970000250","Student#963"
"School of Computing and Informatics","Advanced Computer Science and Engineering","UG","Artificial Intelligence and Machine Learning","251FA18051","Atharva","","Verma","","atharva.verma251k@vignan.ac.in","9970000251","Student#963"
"School of Computing and Informatics","Advanced Computer Science and Engineering","UG","Artificial Intelligence and Machine Learning","251FA18052","Advik","","Pillai","","advik.pillai252k@vignan.ac.in","9970000252","Student#963"
"School of Computing and Informatics","Advanced Computer Science and Engineering","UG","Artificial Intelligence and Machine Learning","251FA18053","Pranav","","Sen","","pranav.sen253k@vignan.ac.in","9970000253","Student#963"
"School of Computing and Informatics","Advanced Computer Science and Engineering","UG","Artificial Intelligence and Machine Learning","251FA18054","Advaith","","Dubey","","advaith.dubey254k@vignan.ac.in","9970000254","Student#963"
"School of Computing and Informatics","Advanced Computer Science and Engineering","UG","Artificial Intelligence and Machine Learning","251FA18055","Aaryan","Kumar","Thakur","","aaryan.thakur255k@vignan.ac.in","9970000255","Student#963"
"School of Computing and Informatics","Advanced Computer Science and Engineering","UG","Artificial Intelligence and Machine Learning","251FA18056","Dhruv","Chandra","Kulkarni","","dhruv.kulkarni256k@vignan.ac.in","9970000256","Student#963"
"School of Computing and Informatics","Advanced Computer Science and Engineering","UG","Artificial Intelligence and Machine Learning","251FA18057","Kabir","Prasad","Salunkhe","","kabir.salunkhe257k@vignan.ac.in","9970000257","Student#963"
"School of Computing and Informatics","Advanced Computer Science and Engineering","UG","Artificial Intelligence and Machine Learning","251FA18058","Ritvik","Raj","Sharma","","ritvik.sharma258k@vignan.ac.in","9970000258","Student#963"
"School of Computing and Informatics","Advanced Computer Science and Engineering","UG","Artificial Intelligence and Machine Learning","251FA18059","Darsh","Venkata","Nair","","darsh.nair259k@vignan.ac.in","9970000259","Student#963"
"School of Computing and Informatics","Advanced Computer Science and Engineering","UG","Artificial Intelligence and Machine Learning","251FA18060","Ananya","Sri","Mukherjee","","ananya.mukherjee260k@vignan.ac.in","9970000260","Student#963"
"School of Computing and Informatics","Advanced Computer Science and Engineering","UG","Artificial Intelligence and Machine Learning","251FA18061","Diya","Sai","Tiwari","","diya.tiwari261k@vignan.ac.in","9970000261","Student#963"
"School of Computing and Informatics","Advanced Computer Science and Engineering","UG","Artificial Intelligence and Machine Learning","251FA18062","Saanvi","Mohan","Chauhan","","saanvi.chauhan262k@vignan.ac.in","9970000262","Student#963"
"School of Computing and Informatics","Advanced Computer Science and Engineering","UG","Artificial Intelligence and Machine Learning","251FA18063","Aadhya","Kishore","Deshmukh","","aadhya.deshmukh263k@vignan.ac.in","9970000263","Student#963"
"School of Computing and Informatics","Advanced Computer Science and Engineering","UG","Artificial Intelligence and Machine Learning","251FA18064","Pari","Babu","Sawant","","pari.sawant264k@vignan.ac.in","9970000264","Student#963"
"School of Computing and Informatics","Advanced Computer Science and Engineering","UG","Artificial Intelligence and Machine Learning","251FA18065","Kiara","","Naidu","","kiara.naidu265k@vignan.ac.in","9970000265","Student#963"
"School of Computing and Informatics","Advanced Computer Science and Engineering","UG","Artificial Intelligence and Machine Learning","251FA18066","Myra","","Bhat","","myra.bhat266k@vignan.ac.in","9970000266","Student#963"
"School of Computing and Informatics","Advanced Computer Science and Engineering","UG","Artificial Intelligence and Machine Learning","251FA18067","Riya","","Chatterjee","","riya.chatterjee267k@vignan.ac.in","9970000267","Student#963"
"School of Computing and Informatics","Advanced Computer Science and Engineering","UG","Artificial Intelligence and Machine Learning","251FA18068","Anushka","","Pandey","","anushka.pandey268k@vignan.ac.in","9970000268","Student#963"
"School of Computing and Informatics","Advanced Computer Science and Engineering","UG","Artificial Intelligence and Machine Learning","251FA18069","Aarohi","Kumar","Yadav","","aarohi.yadav269k@vignan.ac.in","9970000269","Student#963"
"School of Computing and Informatics","Advanced Computer Science and Engineering","UG","Artificial Intelligence and Machine Learning","251FA18070","Isha","Chandra","Patil","","isha.patil270k@vignan.ac.in","9970000270","Student#963"
"School of Computing and Informatics","Advanced Computer Science and Engineering","UG","Artificial Intelligence and Machine Learning","251FA18071","Navya","Prasad","Tamboli","","navya.tamboli271k@vignan.ac.in","9970000271","Student#963"
"School of Computing and Informatics","Advanced Computer Science and Engineering","UG","Artificial Intelligence and Machine Learning","251FA18072","Avani","Raj","Goud","","avani.goud272k@vignan.ac.in","9970000272","Student#963"
"School of Computing and Informatics","Advanced Computer Science and Engineering","UG","Artificial Intelligence and Machine Learning","251FA18073","Tanvi","Venkata","Joshi","","tanvi.joshi273k@vignan.ac.in","9970000273","Student#963"
"School of Computing and Informatics","Advanced Computer Science and Engineering","UG","Artificial Intelligence and Machine Learning","251FA18074","Shanaya","Sri","Banerjee","","shanaya.banerjee274k@vignan.ac.in","9970000274","Student#963"
"School of Computing and Informatics","Advanced Computer Science and Engineering","UG","Artificial Intelligence and Machine Learning","251FA18075","Pooja","Sai","Mishra","","pooja.mishra275k@vignan.ac.in","9970000275","Student#963"
"School of Computing and Informatics","Advanced Computer Science and Engineering","UG","Artificial Intelligence and Machine Learning","251FA18076","Sneha","Mohan","Singh","","sneha.singh276k@vignan.ac.in","9970000276","Student#963"
"School of Computing and Informatics","Advanced Computer Science and Engineering","UG","Artificial Intelligence and Machine Learning","251FA18077","Kavya","Kishore","Shinde","","kavya.shinde277k@vignan.ac.in","9970000277","Student#963"
"School of Computing and Informatics","Advanced Computer Science and Engineering","UG","Artificial Intelligence and Machine Learning","251FA18078","Bhavya","Babu","Gaikwad","","bhavya.gaikwad278k@vignan.ac.in","9970000278","Student#963"
"School of Computing and Informatics","Advanced Computer Science and Engineering","UG","Artificial Intelligence and Machine Learning","251FA18079","Deepika","","Varma","","deepika.varma279k@vignan.ac.in","9970000279","Student#963"
"School of Computing and Informatics","Advanced Computer Science and Engineering","UG","Artificial Intelligence and Machine Learning","251FA18080","Rohan","","Mehta","","rohan.mehta280k@vignan.ac.in","9970000280","Student#963"
"School of Computing and Informatics","Advanced Computer Science and Engineering","UG","Artificial Intelligence and Machine Learning","251FA18081","Rahul","","Das","","rahul.das281k@vignan.ac.in","9970000281","Student#963"
"School of Computing and Informatics","Advanced Computer Science and Engineering","UG","Artificial Intelligence and Machine Learning","251FA18082","Karthik","","Ghosh","","karthik.ghosh282k@vignan.ac.in","9970000282","Student#963"
"School of Computing and Informatics","Advanced Computer Science and Engineering","UG","Artificial Intelligence and Machine Learning","251FA18083","Varun","Kumar","Prasad","","varun.prasad283k@vignan.ac.in","9970000283","Student#963"
"School of Computing and Informatics","Advanced Computer Science and Engineering","UG","Artificial Intelligence and Machine Learning","251FA18084","Nikhil","Chandra","Kadam","","nikhil.kadam284k@vignan.ac.in","9970000284","Student#963"
"School of Computing and Informatics","Advanced Computer Science and Engineering","UG","Artificial Intelligence and Machine Learning","251FA18085","Sanjay","Prasad","Bhosale","","sanjay.bhosale285k@vignan.ac.in","9970000285","Student#963"
"School of Computing and Informatics","Advanced Computer Science and Engineering","UG","Artificial Intelligence and Machine Learning","251FA18086","Vikram","Raj","Rao","","vikram.rao286k@vignan.ac.in","9970000286","Student#963"
"School of Computing and Informatics","Advanced Computer Science and Engineering","UG","Artificial Intelligence and Machine Learning","251FA18087","Harsh","Venkata","Patel","","harsh.patel287k@vignan.ac.in","9970000287","Student#963"
"School of Computing and Informatics","Advanced Computer Science and Engineering","UG","Artificial Intelligence and Machine Learning","251FA18088","Abhishek","Sri","Menon","","abhishek.menon288k@vignan.ac.in","9970000288","Student#963"
"School of Computing and Informatics","Advanced Computer Science and Engineering","UG","Artificial Intelligence and Machine Learning","251FA18089","Manish","Sai","Dutta","","manish.dutta289k@vignan.ac.in","9970000289","Student#963"
"School of Computing and Informatics","Advanced Computer Science and Engineering","UG","Artificial Intelligence and Machine Learning","251FA18090","Praveen","Mohan","Kumar","","praveen.kumar290k@vignan.ac.in","9970000290","Student#963"
"School of Computing and Informatics","Advanced Computer Science and Engineering","UG","Artificial Intelligence and Machine Learning","251FA18091","Suresh","Kishore","Pawar","","suresh.pawar291k@vignan.ac.in","9970000291","Student#963"
"School of Computing and Informatics","Advanced Computer Science and Engineering","UG","Artificial Intelligence and Machine Learning","251FA18092","Ramesh","Babu","More","","ramesh.more292k@vignan.ac.in","9970000292","Student#963"
"School of Computing and Informatics","Advanced Computer Science and Engineering","UG","Artificial Intelligence and Machine Learning","251FA18093","Naresh","","Chowdhary","","naresh.chowdhary293k@vignan.ac.in","9970000293","Student#963"
"School of Computing and Informatics","Advanced Computer Science and Engineering","UG","Artificial Intelligence and Machine Learning","251FA18094","Ganesh","","Gupta","","ganesh.gupta294k@vignan.ac.in","9970000294","Student#963"
"School of Computing and Informatics","Advanced Computer Science and Engineering","UG","Artificial Intelligence and Machine Learning","251FA18095","Mahesh","","Iyer","","mahesh.iyer295k@vignan.ac.in","9970000295","Student#963"
"School of Computing and Informatics","Advanced Computer Science and Engineering","UG","Artificial Intelligence and Machine Learning","251FA18096","Dinesh","","Bose","","dinesh.bose296k@vignan.ac.in","9970000296","Student#963"
"School of Computing and Informatics","Advanced Computer Science and Engineering","UG","Artificial Intelligence and Machine Learning","251FA18097","Rajesh","Kumar","Shukla","","rajesh.shukla297k@vignan.ac.in","9970000297","Student#963"
"School of Computing and Informatics","Advanced Computer Science and Engineering","UG","Artificial Intelligence and Machine Learning","251FA18098","Kiran","Chandra","Rathore","","kiran.rathore298k@vignan.ac.in","9970000298","Student#963"
"School of Computing and Informatics","Advanced Computer Science and Engineering","UG","Artificial Intelligence and Machine Learning","251FA18099","Tarun","Prasad","Jadhav","","tarun.jadhav299k@vignan.ac.in","9970000299","Student#963"
"School of Computing and Informatics","Advanced Computer Science and Engineering","UG","Artificial Intelligence and Machine Learning","251FA18100","Swathi","Raj","Reddy","","swathi.reddy300k@vignan.ac.in","9970000300","Student#963"
"School of Computing and Informatics","Advanced Computer Science and Engineering","UG","Artificial Intelligence and Machine Learning","251FA18101","Divya","Venkata","Verma","","divya.verma301k@vignan.ac.in","9970000301","Student#963"
"School of Computing and Informatics","Advanced Computer Science and Engineering","UG","Artificial Intelligence and Machine Learning","251FA18102","Harini","Sri","Pillai","","harini.pillai302k@vignan.ac.in","9970000302","Student#963"
"School of Computing and Informatics","Advanced Computer Science and Engineering","UG","Artificial Intelligence and Machine Learning","251FA18103","Keerthi","Sai","Sen","","keerthi.sen303k@vignan.ac.in","9970000303","Student#963"
"School of Computing and Informatics","Advanced Computer Science and Engineering","UG","Artificial Intelligence and Machine Learning","251FA18104","Lavanya","Mohan","Dubey","","lavanya.dubey304k@vignan.ac.in","9970000304","Student#963"
"School of Computing and Informatics","Advanced Computer Science and Engineering","UG","Artificial Intelligence and Machine Learning","251FA18105","Meghana","Kishore","Thakur","","meghana.thakur305k@vignan.ac.in","9970000305","Student#963"
"School of Computing and Informatics","Advanced Computer Science and Engineering","UG","Artificial Intelligence and Machine Learning","251FA18106","Mounika","Babu","Kulkarni","","mounika.kulkarni306k@vignan.ac.in","9970000306","Student#963"
"School of Computing and Informatics","Advanced Computer Science and Engineering","UG","Artificial Intelligence and Machine Learning","251FA18107","Nandini","","Salunkhe","","nandini.salunkhe307k@vignan.ac.in","9970000307","Student#963"
"School of Computing and Informatics","Advanced Computer Science and Engineering","UG","Artificial Intelligence and Machine Learning","251FA18108","Pallavi","","Sharma","","pallavi.sharma308k@vignan.ac.in","9970000308","Student#963"
"School of Computing and Informatics","Advanced Computer Science and Engineering","UG","Artificial Intelligence and Machine Learning","251FA18109","Pavani","","Nair","","pavani.nair309k@vignan.ac.in","9970000309","Student#963"
"School of Computing and Informatics","Advanced Computer Science and Engineering","UG","Artificial Intelligence and Machine Learning","251FA18110","Pranathi","","Mukherjee","","pranathi.mukherjee310k@vignan.ac.in","9970000310","Student#963"
"School of Computing and Informatics","Advanced Computer Science and Engineering","UG","Artificial Intelligence and Machine Learning","251FA18111","Ramya","Kumar","Tiwari","","ramya.tiwari311k@vignan.ac.in","9970000311","Student#963"
"School of Computing and Informatics","Advanced Computer Science and Engineering","UG","Artificial Intelligence and Machine Learning","251FA18112","Sandhya","Chandra","Chauhan","","sandhya.chauhan312k@vignan.ac.in","9970000312","Student#963"
"School of Computing and Informatics","Advanced Computer Science and Engineering","UG","Artificial Intelligence and Machine Learning","251FA18113","Sirisha","Prasad","Deshmukh","","sirisha.deshmukh313k@vignan.ac.in","9970000313","Student#963"
"School of Computing and Informatics","Advanced Computer Science and Engineering","UG","Artificial Intelligence and Machine Learning","251FA18114","Sowmya","Raj","Sawant","","sowmya.sawant314k@vignan.ac.in","9970000314","Student#963"
"School of Computing and Informatics","Advanced Computer Science and Engineering","UG","Artificial Intelligence and Machine Learning","251FA18115","Sravani","Venkata","Naidu","","sravani.naidu315k@vignan.ac.in","9970000315","Student#963"
"School of Computing and Informatics","Advanced Computer Science and Engineering","UG","Artificial Intelligence and Machine Learning","251FA18116","Srinu","Sri","Bhat","","srinu.bhat316k@vignan.ac.in","9970000316","Student#963"
"School of Computing and Informatics","Advanced Computer Science and Engineering","UG","Artificial Intelligence and Machine Learning","251FA18117","Tejaswi","Sai","Chatterjee","","tejaswi.chatterjee317k@vignan.ac.in","9970000317","Student#963"
"School of Computing and Informatics","Advanced Computer Science and Engineering","UG","Artificial Intelligence and Machine Learning","251FA18118","Vaishnavi","Mohan","Pandey","","vaishnavi.pandey318k@vignan.ac.in","9970000318","Student#963"
"School of Computing and Informatics","Advanced Computer Science and Engineering","UG","Artificial Intelligence and Machine Learning","251FA18119","Yamini","Kishore","Yadav","","yamini.yadav319k@vignan.ac.in","9970000319","Student#963"
"School of Computing and Informatics","Advanced Computer Science and Engineering","UG","Artificial Intelligence and Machine Learning","251FA18120","Aarav","Babu","Patil","","aarav.patil320k@vignan.ac.in","9970000320","Student#963"
"School of Computing and Informatics","Advanced Computer Science and Engineering","UG","Artificial Intelligence and Machine Learning","251FA18121","Vivaan","","Tamboli","","vivaan.tamboli321k@vignan.ac.in","9970000321","Student#963"
"School of Computing and Informatics","Advanced Computer Science and Engineering","UG","Artificial Intelligence and Machine Learning","251FA18122","Aditya","","Goud","","aditya.goud322k@vignan.ac.in","9970000322","Student#963"
"School of Computing and Informatics","Advanced Computer Science and Engineering","UG","Artificial Intelligence and Machine Learning","251FA18123","Vihaan","","Joshi","","vihaan.joshi323k@vignan.ac.in","9970000323","Student#963"
"School of Computing and Informatics","Advanced Computer Science and Engineering","UG","Artificial Intelligence and Machine Learning","251FA18124","Arjun","","Banerjee","","arjun.banerjee324k@vignan.ac.in","9970000324","Student#963"
"School of Computing and Informatics","Advanced Computer Science and Engineering","UG","Artificial Intelligence and Machine Learning","251FA18125","Sai","Kumar","Mishra","","sai.mishra325k@vignan.ac.in","9970000325","Student#963"
"School of Computing and Informatics","Advanced Computer Science and Engineering","UG","Artificial Intelligence and Machine Learning","251FA18126","Reyansh","Chandra","Singh","","reyansh.singh326k@vignan.ac.in","9970000326","Student#963"
"School of Computing and Informatics","Advanced Computer Science and Engineering","UG","Artificial Intelligence and Machine Learning","251FA18127","Ayaan","Prasad","Shinde","","ayaan.shinde327k@vignan.ac.in","9970000327","Student#963"
"School of Computing and Informatics","Advanced Computer Science and Engineering","UG","Artificial Intelligence and Machine Learning","251FA18128","Krishna","Raj","Gaikwad","","krishna.gaikwad328k@vignan.ac.in","9970000328","Student#963"
"School of Computing and Informatics","Advanced Computer Science and Engineering","UG","Artificial Intelligence and Machine Learning","251FA18129","Ishaan","Venkata","Varma","","ishaan.varma329k@vignan.ac.in","9970000329","Student#963"
"School of Computing and Informatics","Advanced Computer Science and Engineering","UG","Artificial Intelligence and Machine Learning","251FA18130","Shaurya","Sri","Mehta","","shaurya.mehta330k@vignan.ac.in","9970000330","Student#963"
"School of Computing and Informatics","Advanced Computer Science and Engineering","UG","Artificial Intelligence and Machine Learning","251FA18131","Atharva","Sai","Das","","atharva.das331k@vignan.ac.in","9970000331","Student#963"
"School of Computing and Informatics","Advanced Computer Science and Engineering","UG","Artificial Intelligence and Machine Learning","251FA18132","Advik","Mohan","Ghosh","","advik.ghosh332k@vignan.ac.in","9970000332","Student#963"
"School of Computing and Informatics","Advanced Computer Science and Engineering","UG","Artificial Intelligence and Machine Learning","251FA18133","Pranav","Kishore","Prasad","","pranav.prasad333k@vignan.ac.in","9970000333","Student#963"
"School of Computing and Informatics","Advanced Computer Science and Engineering","UG","Artificial Intelligence and Machine Learning","251FA18134","Advaith","Babu","Kadam","","advaith.kadam334k@vignan.ac.in","9970000334","Student#963"
"School of Computing and Informatics","Advanced Computer Science and Engineering","UG","Artificial Intelligence and Machine Learning","251FA18135","Aaryan","","Bhosale","","aaryan.bhosale335k@vignan.ac.in","9970000335","Student#963"
"School of Computing and Informatics","Advanced Computer Science and Engineering","UG","Artificial Intelligence and Machine Learning","251FA18136","Dhruv","","Rao","","dhruv.rao336k@vignan.ac.in","9970000336","Student#963"
"School of Computing and Informatics","Advanced Computer Science and Engineering","UG","Artificial Intelligence and Machine Learning","251FA18137","Kabir","","Patel","","kabir.patel337k@vignan.ac.in","9970000337","Student#963"
"School of Computing and Informatics","Advanced Computer Science and Engineering","UG","Artificial Intelligence and Machine Learning","251FA18138","Ritvik","","Menon","","ritvik.menon338k@vignan.ac.in","9970000338","Student#963"
"School of Computing and Informatics","Advanced Computer Science and Engineering","UG","Artificial Intelligence and Machine Learning","251FA18139","Darsh","Kumar","Dutta","","darsh.dutta339k@vignan.ac.in","9970000339","Student#963"
"School of Computing and Informatics","Advanced Computer Science and Engineering","UG","Artificial Intelligence and Machine Learning","251FA18140","Ananya","Chandra","Kumar","","ananya.kumar340k@vignan.ac.in","9970000340","Student#963"
"School of Computing and Informatics","Advanced Computer Science and Engineering","UG","Artificial Intelligence and Machine Learning","251FA18141","Diya","Prasad","Pawar","","diya.pawar341k@vignan.ac.in","9970000341","Student#963"
"School of Computing and Informatics","Advanced Computer Science and Engineering","UG","Artificial Intelligence and Machine Learning","251FA18142","Saanvi","Raj","More","","saanvi.more342k@vignan.ac.in","9970000342","Student#963"
"School of Computing and Informatics","Advanced Computer Science and Engineering","UG","Artificial Intelligence and Machine Learning","251FA18143","Aadhya","Venkata","Chowdhary","","aadhya.chowdhary343k@vignan.ac.in","9970000343","Student#963"
"School of Computing and Informatics","Advanced Computer Science and Engineering","UG","Artificial Intelligence and Machine Learning","251FA18144","Pari","Sri","Gupta","","pari.gupta344k@vignan.ac.in","9970000344","Student#963"
"School of Computing and Informatics","Advanced Computer Science and Engineering","UG","Artificial Intelligence and Machine Learning","251FA18145","Kiara","Sai","Iyer","","kiara.iyer345k@vignan.ac.in","9970000345","Student#963"
"School of Computing and Informatics","Advanced Computer Science and Engineering","UG","Artificial Intelligence and Machine Learning","251FA18146","Myra","Mohan","Bose","","myra.bose346k@vignan.ac.in","9970000346","Student#963"
"School of Computing and Informatics","Advanced Computer Science and Engineering","UG","Artificial Intelligence and Machine Learning","251FA18147","Riya","Kishore","Shukla","","riya.shukla347k@vignan.ac.in","9970000347","Student#963"
"School of Computing and Informatics","Advanced Computer Science and Engineering","UG","Artificial Intelligence and Machine Learning","251FA18148","Anushka","Babu","Rathore","","anushka.rathore348k@vignan.ac.in","9970000348","Student#963"
"School of Computing and Informatics","Advanced Computer Science and Engineering","UG","Artificial Intelligence and Machine Learning","251FA18149","Aarohi","","Jadhav","","aarohi.jadhav349k@vignan.ac.in","9970000349","Student#963"
"School of Computing and Informatics","Advanced Computer Science and Engineering","UG","Artificial Intelligence and Machine Learning","251FA18150","Isha","","Reddy","","isha.reddy350k@vignan.ac.in","9970000350","Student#963"
"School of Computing and Informatics","Advanced Computer Science and Engineering","UG","Artificial Intelligence and Machine Learning","251FA18151","Navya","","Verma","","navya.verma351k@vignan.ac.in","9970000351","Student#963"
"School of Computing and Informatics","Advanced Computer Science and Engineering","UG","Artificial Intelligence and Machine Learning","251FA18152","Avani","","Pillai","","avani.pillai352k@vignan.ac.in","9970000352","Student#963"
"School of Computing and Informatics","Advanced Computer Science and Engineering","UG","Artificial Intelligence and Machine Learning","251FA18153","Tanvi","Kumar","Sen","","tanvi.sen353k@vignan.ac.in","9970000353","Student#963"
"School of Computing and Informatics","Advanced Computer Science and Engineering","UG","Artificial Intelligence and Machine Learning","251FA18154","Shanaya","Chandra","Dubey","","shanaya.dubey354k@vignan.ac.in","9970000354","Student#963"
"School of Computing and Informatics","Advanced Computer Science and Engineering","UG","Artificial Intelligence and Machine Learning","251FA18155","Pooja","Prasad","Thakur","","pooja.thakur355k@vignan.ac.in","9970000355","Student#963"
"School of Computing and Informatics","Advanced Computer Science and Engineering","UG","Artificial Intelligence and Machine Learning","251FA18156","Sneha","Raj","Kulkarni","","sneha.kulkarni356k@vignan.ac.in","9970000356","Student#963"
"School of Computing and Informatics","Advanced Computer Science and Engineering","UG","Artificial Intelligence and Machine Learning","251FA18157","Kavya","Venkata","Salunkhe","","kavya.salunkhe357k@vignan.ac.in","9970000357","Student#963"
"School of Computing and Informatics","Advanced Computer Science and Engineering","UG","Artificial Intelligence and Machine Learning","251FA18158","Bhavya","Sri","Sharma","","bhavya.sharma358k@vignan.ac.in","9970000358","Student#963"
"School of Computing and Informatics","Advanced Computer Science and Engineering","UG","Artificial Intelligence and Machine Learning","251FA18159","Deepika","Sai","Nair","","deepika.nair359k@vignan.ac.in","9970000359","Student#963"
"School of Computing and Informatics","Advanced Computer Science and Engineering","UG","Artificial Intelligence and Machine Learning","251FA18160","Rohan","Mohan","Mukherjee","","rohan.mukherjee360k@vignan.ac.in","9970000360","Student#963"
"School of Computing and Informatics","Advanced Computer Science and Engineering","UG","Artificial Intelligence and Machine Learning","251FA18161","Rahul","Kishore","Tiwari","","rahul.tiwari361k@vignan.ac.in","9970000361","Student#963"
"School of Computing and Informatics","Advanced Computer Science and Engineering","UG","Artificial Intelligence and Machine Learning","251FA18162","Karthik","Babu","Chauhan","","karthik.chauhan362k@vignan.ac.in","9970000362","Student#963"
"School of Computing and Informatics","Advanced Computer Science and Engineering","UG","Artificial Intelligence and Machine Learning","251FA18163","Varun","","Deshmukh","","varun.deshmukh363k@vignan.ac.in","9970000363","Student#963"
"School of Computing and Informatics","Advanced Computer Science and Engineering","UG","Artificial Intelligence and Machine Learning","251FA18164","Nikhil","","Sawant","","nikhil.sawant364k@vignan.ac.in","9970000364","Student#963"
"School of Computing and Informatics","Advanced Computer Science and Engineering","UG","Artificial Intelligence and Machine Learning","251FA18165","Sanjay","","Naidu","","sanjay.naidu365k@vignan.ac.in","9970000365","Student#963"
"School of Computing and Informatics","Advanced Computer Science and Engineering","UG","Artificial Intelligence and Machine Learning","251FA18166","Vikram","","Bhat","","vikram.bhat366k@vignan.ac.in","9970000366","Student#963"
"School of Computing and Informatics","Advanced Computer Science and Engineering","UG","Artificial Intelligence and Machine Learning","251FA18167","Harsh","Kumar","Chatterjee","","harsh.chatterjee367k@vignan.ac.in","9970000367","Student#963"
"School of Computing and Informatics","Advanced Computer Science and Engineering","UG","Artificial Intelligence and Machine Learning","251FA18168","Abhishek","Chandra","Pandey","","abhishek.pandey368k@vignan.ac.in","9970000368","Student#963"
"School of Computing and Informatics","Advanced Computer Science and Engineering","UG","Artificial Intelligence and Machine Learning","251FA18169","Manish","Prasad","Yadav","","manish.yadav369k@vignan.ac.in","9970000369","Student#963"
"School of Computing and Informatics","Advanced Computer Science and Engineering","UG","Artificial Intelligence and Machine Learning","251FA18170","Praveen","Raj","Patil","","praveen.patil370k@vignan.ac.in","9970000370","Student#963"
"School of Computing and Informatics","Advanced Computer Science and Engineering","UG","Artificial Intelligence and Machine Learning","251FA18171","Suresh","Venkata","Tamboli","","suresh.tamboli371k@vignan.ac.in","9970000371","Student#963"
"School of Computing and Informatics","Advanced Computer Science and Engineering","UG","Artificial Intelligence and Machine Learning","251FA18172","Ramesh","Sri","Goud","","ramesh.goud372k@vignan.ac.in","9970000372","Student#963"
"School of Computing and Informatics","Advanced Computer Science and Engineering","UG","Artificial Intelligence and Machine Learning","251FA18173","Naresh","Sai","Joshi","","naresh.joshi373k@vignan.ac.in","9970000373","Student#963"
"School of Computing and Informatics","Advanced Computer Science and Engineering","UG","Artificial Intelligence and Machine Learning","251FA18174","Ganesh","Mohan","Banerjee","","ganesh.banerjee374k@vignan.ac.in","9970000374","Student#963"
"School of Computing and Informatics","Advanced Computer Science and Engineering","UG","Artificial Intelligence and Machine Learning","251FA18175","Mahesh","Kishore","Mishra","","mahesh.mishra375k@vignan.ac.in","9970000375","Student#963"
"School of Computing and Informatics","Advanced Computer Science and Engineering","UG","Artificial Intelligence and Machine Learning","251FA18176","Dinesh","Babu","Singh","","dinesh.singh376k@vignan.ac.in","9970000376","Student#963"
"School of Computing and Informatics","Advanced Computer Science and Engineering","UG","Artificial Intelligence and Machine Learning","251FA18177","Rajesh","","Shinde","","rajesh.shinde377k@vignan.ac.in","9970000377","Student#963"
"School of Computing and Informatics","Advanced Computer Science and Engineering","UG","Artificial Intelligence and Machine Learning","251FA18178","Kiran","","Gaikwad","","kiran.gaikwad378k@vignan.ac.in","9970000378","Student#963"
"School of Computing and Informatics","Advanced Computer Science and Engineering","UG","Artificial Intelligence and Machine Learning","251FA18179","Tarun","","Varma","","tarun.varma379k@vignan.ac.in","9970000379","Student#963"
"School of Computing and Informatics","Advanced Computer Science and Engineering","UG","Artificial Intelligence and Machine Learning","251FA18180","Swathi","","Mehta","","swathi.mehta380k@vignan.ac.in","9970000380","Student#963"
"School of Computing and Informatics","Advanced Computer Science and Engineering","UG","Artificial Intelligence and Machine Learning","251FA18181","Divya","Kumar","Das","","divya.das381k@vignan.ac.in","9970000381","Student#963"
"School of Computing and Informatics","Advanced Computer Science and Engineering","UG","Artificial Intelligence and Machine Learning","251FA18182","Harini","Chandra","Ghosh","","harini.ghosh382k@vignan.ac.in","9970000382","Student#963"
"School of Computing and Informatics","Advanced Computer Science and Engineering","UG","Artificial Intelligence and Machine Learning","251FA18183","Keerthi","Prasad","Prasad","","keerthi.prasad383k@vignan.ac.in","9970000383","Student#963"
"School of Computing and Informatics","Advanced Computer Science and Engineering","UG","Artificial Intelligence and Machine Learning","251FA18184","Lavanya","Raj","Kadam","","lavanya.kadam384k@vignan.ac.in","9970000384","Student#963"
"School of Computing and Informatics","Advanced Computer Science and Engineering","UG","Artificial Intelligence and Machine Learning","251FA18185","Meghana","Venkata","Bhosale","","meghana.bhosale385k@vignan.ac.in","9970000385","Student#963"
"School of Computing and Informatics","Advanced Computer Science and Engineering","UG","Artificial Intelligence and Machine Learning","251FA18186","Mounika","Sri","Rao","","mounika.rao386k@vignan.ac.in","9970000386","Student#963"
"School of Computing and Informatics","Advanced Computer Science and Engineering","UG","Artificial Intelligence and Machine Learning","251FA18187","Nandini","Sai","Patel","","nandini.patel387k@vignan.ac.in","9970000387","Student#963"
"School of Computing and Informatics","Advanced Computer Science and Engineering","UG","Artificial Intelligence and Machine Learning","251FA18188","Pallavi","Mohan","Menon","","pallavi.menon388k@vignan.ac.in","9970000388","Student#963"
"School of Computing and Informatics","Advanced Computer Science and Engineering","UG","Artificial Intelligence and Machine Learning","251FA18189","Pavani","Kishore","Dutta","","pavani.dutta389k@vignan.ac.in","9970000389","Student#963"
"School of Computing and Informatics","Advanced Computer Science and Engineering","UG","Artificial Intelligence and Machine Learning","251FA18190","Pranathi","Babu","Kumar","","pranathi.kumar390k@vignan.ac.in","9970000390","Student#963"
"School of Computing and Informatics","Advanced Computer Science and Engineering","UG","Artificial Intelligence and Machine Learning","251FA18191","Ramya","","Pawar","","ramya.pawar391k@vignan.ac.in","9970000391","Student#963"
"School of Computing and Informatics","Advanced Computer Science and Engineering","UG","Artificial Intelligence and Machine Learning","251FA18192","Sandhya","","More","","sandhya.more392k@vignan.ac.in","9970000392","Student#963"
"School of Computing and Informatics","Advanced Computer Science and Engineering","UG","Artificial Intelligence and Machine Learning","251FA18193","Sirisha","","Chowdhary","","sirisha.chowdhary393k@vignan.ac.in","9970000393","Student#963"
"School of Computing and Informatics","Advanced Computer Science and Engineering","UG","Artificial Intelligence and Machine Learning","251FA18194","Sowmya","","Gupta","","sowmya.gupta394k@vignan.ac.in","9970000394","Student#963"
"School of Computing and Informatics","Advanced Computer Science and Engineering","UG","Artificial Intelligence and Machine Learning","251FA18195","Sravani","Kumar","Iyer","","sravani.iyer395k@vignan.ac.in","9970000395","Student#963"
"School of Computing and Informatics","Advanced Computer Science and Engineering","UG","Artificial Intelligence and Machine Learning","251FA18196","Srinu","Chandra","Bose","","srinu.bose396k@vignan.ac.in","9970000396","Student#963"
"School of Computing and Informatics","Advanced Computer Science and Engineering","UG","Artificial Intelligence and Machine Learning","251FA18197","Tejaswi","Prasad","Shukla","","tejaswi.shukla397k@vignan.ac.in","9970000397","Student#963"
"School of Computing and Informatics","Advanced Computer Science and Engineering","UG","Artificial Intelligence and Machine Learning","251FA18198","Vaishnavi","Raj","Rathore","","vaishnavi.rathore398k@vignan.ac.in","9970000398","Student#963"
"School of Computing and Informatics","Advanced Computer Science and Engineering","UG","Artificial Intelligence and Machine Learning","251FA18199","Yamini","Venkata","Jadhav","","yamini.jadhav399k@vignan.ac.in","9970000399","Student#963"
"School of Computing and Informatics","Advanced Computer Science and Engineering","UG","Artificial Intelligence and Machine Learning","251FA18200","Aarav","Sri","Reddy","","aarav.reddy400k@vignan.ac.in","9970000400","Student#963"
"School of Computing and Informatics","Information Technology","UG","Information Technology","251FA07001","Vivaan","Sai","Verma","","vivaan.verma401k@vignan.ac.in","9970000401","Student#963"
"School of Computing and Informatics","Information Technology","UG","Information Technology","251FA07002","Aditya","Mohan","Pillai","","aditya.pillai402k@vignan.ac.in","9970000402","Student#963"
"School of Computing and Informatics","Information Technology","UG","Information Technology","251FA07003","Vihaan","Kishore","Sen","","vihaan.sen403k@vignan.ac.in","9970000403","Student#963"
"School of Computing and Informatics","Information Technology","UG","Information Technology","251FA07004","Arjun","Babu","Dubey","","arjun.dubey404k@vignan.ac.in","9970000404","Student#963"
"School of Computing and Informatics","Information Technology","UG","Information Technology","251FA07005","Sai","","Thakur","","sai.thakur405k@vignan.ac.in","9970000405","Student#963"
"School of Computing and Informatics","Information Technology","UG","Information Technology","251FA07006","Reyansh","","Kulkarni","","reyansh.kulkarni406k@vignan.ac.in","9970000406","Student#963"
"School of Computing and Informatics","Information Technology","UG","Information Technology","251FA07007","Ayaan","","Salunkhe","","ayaan.salunkhe407k@vignan.ac.in","9970000407","Student#963"
"School of Computing and Informatics","Information Technology","UG","Information Technology","251FA07008","Krishna","","Sharma","","krishna.sharma408k@vignan.ac.in","9970000408","Student#963"
"School of Computing and Informatics","Information Technology","UG","Information Technology","251FA07010","Ishaan","Kumar","Nair","","ishaan.nair409k@vignan.ac.in","9970000409","Student#963"
"School of Computing and Informatics","Information Technology","UG","Information Technology","251FA07011","Shaurya","Chandra","Mukherjee","","shaurya.mukherjee410k@vignan.ac.in","9970000410","Student#963"
"School of Computing and Informatics","Information Technology","UG","Information Technology","251FA07012","Atharva","Prasad","Tiwari","","atharva.tiwari411k@vignan.ac.in","9970000411","Student#963"
"School of Computing and Informatics","Information Technology","UG","Information Technology","251FA07013","Advik","Raj","Chauhan","","advik.chauhan412k@vignan.ac.in","9970000412","Student#963"
"School of Computing and Informatics","Information Technology","UG","Information Technology","251FA07014","Pranav","Venkata","Deshmukh","","pranav.deshmukh413k@vignan.ac.in","9970000413","Student#963"
"School of Computing and Informatics","Information Technology","UG","Information Technology","251FA07015","Advaith","Sri","Sawant","","advaith.sawant414k@vignan.ac.in","9970000414","Student#963"
"School of Computing and Informatics","Information Technology","UG","Information Technology","251FA07016","Aaryan","Sai","Naidu","","aaryan.naidu415k@vignan.ac.in","9970000415","Student#963"
"School of Computing and Informatics","Information Technology","UG","Information Technology","251FA07017","Dhruv","Mohan","Bhat","","dhruv.bhat416k@vignan.ac.in","9970000416","Student#963"
"School of Computing and Informatics","Information Technology","UG","Information Technology","251FA07018","Kabir","Kishore","Chatterjee","","kabir.chatterjee417k@vignan.ac.in","9970000417","Student#963"
"School of Computing and Informatics","Information Technology","UG","Information Technology","251FA07019","Ritvik","Babu","Pandey","","ritvik.pandey418k@vignan.ac.in","9970000418","Student#963"
"School of Computing and Informatics","Information Technology","UG","Information Technology","251FA07020","Darsh","","Yadav","","darsh.yadav419k@vignan.ac.in","9970000419","Student#963"
"School of Computing and Informatics","Information Technology","UG","Information Technology","251FA07021","Ananya","","Patil","","ananya.patil420k@vignan.ac.in","9970000420","Student#963"
"School of Computing and Informatics","Information Technology","UG","Information Technology","251FA07022","Diya","","Tamboli","","diya.tamboli421k@vignan.ac.in","9970000421","Student#963"
"School of Computing and Informatics","Information Technology","UG","Information Technology","251FA07023","Saanvi","","Goud","","saanvi.goud422k@vignan.ac.in","9970000422","Student#963"
"School of Computing and Informatics","Information Technology","UG","Information Technology","251FA07024","Aadhya","Kumar","Joshi","","aadhya.joshi423k@vignan.ac.in","9970000423","Student#963"
"School of Computing and Informatics","Information Technology","UG","Information Technology","251FA07025","Pari","Chandra","Banerjee","","pari.banerjee424k@vignan.ac.in","9970000424","Student#963"
"School of Computing and Informatics","Information Technology","UG","Information Technology","251FA07026","Kiara","Prasad","Mishra","","kiara.mishra425k@vignan.ac.in","9970000425","Student#963"
"School of Computing and Informatics","Information Technology","UG","Information Technology","251FA07027","Myra","Raj","Singh","","myra.singh426k@vignan.ac.in","9970000426","Student#963"
"School of Computing and Informatics","Information Technology","UG","Information Technology","251FA07028","Riya","Venkata","Shinde","","riya.shinde427k@vignan.ac.in","9970000427","Student#963"
"School of Computing and Informatics","Information Technology","UG","Information Technology","251FA07029","Anushka","Sri","Gaikwad","","anushka.gaikwad428k@vignan.ac.in","9970000428","Student#963"
"School of Computing and Informatics","Information Technology","UG","Information Technology","251FA07030","Aarohi","Sai","Varma","","aarohi.varma429k@vignan.ac.in","9970000429","Student#963"
"School of Computing and Informatics","Information Technology","UG","Information Technology","251FA07031","Isha","Mohan","Mehta","","isha.mehta430k@vignan.ac.in","9970000430","Student#963"
"School of Computing and Informatics","Information Technology","UG","Information Technology","251FA07032","Navya","Kishore","Das","","navya.das431k@vignan.ac.in","9970000431","Student#963"
"School of Computing and Informatics","Information Technology","UG","Information Technology","251FA07033","Avani","Babu","Ghosh","","avani.ghosh432k@vignan.ac.in","9970000432","Student#963"
"School of Computing and Informatics","Information Technology","UG","Information Technology","251FA07034","Tanvi","","Prasad","","tanvi.prasad433k@vignan.ac.in","9970000433","Student#963"
"School of Computing and Informatics","Information Technology","UG","Information Technology","251FA07035","Shanaya","","Kadam","","shanaya.kadam434k@vignan.ac.in","9970000434","Student#963"
"School of Computing and Informatics","Information Technology","UG","Information Technology","251FA07036","Pooja","","Bhosale","","pooja.bhosale435k@vignan.ac.in","9970000435","Student#963"
"School of Computing and Informatics","Information Technology","UG","Information Technology","251FA07037","Sneha","","Rao","","sneha.rao436k@vignan.ac.in","9970000436","Student#963"
"School of Computing and Informatics","Information Technology","UG","Information Technology","251FA07038","Kavya","Kumar","Patel","","kavya.patel437k@vignan.ac.in","9970000437","Student#963"
"School of Computing and Informatics","Information Technology","UG","Information Technology","251FA07039","Bhavya","Chandra","Menon","","bhavya.menon438k@vignan.ac.in","9970000438","Student#963"
"School of Computing and Informatics","Information Technology","UG","Information Technology","251FA07040","Deepika","Prasad","Dutta","","deepika.dutta439k@vignan.ac.in","9970000439","Student#963"
"School of Computing and Informatics","Information Technology","UG","Information Technology","251FA07041","Rohan","Raj","Kumar","","rohan.kumar440k@vignan.ac.in","9970000440","Student#963"
"School of Computing and Informatics","Information Technology","UG","Information Technology","251FA07042","Rahul","Venkata","Pawar","","rahul.pawar441k@vignan.ac.in","9970000441","Student#963"
"School of Computing and Informatics","Information Technology","UG","Information Technology","251FA07043","Karthik","Sri","More","","karthik.more442k@vignan.ac.in","9970000442","Student#963"
"School of Computing and Informatics","Information Technology","UG","Information Technology","251FA07044","Varun","Sai","Chowdhary","","varun.chowdhary443k@vignan.ac.in","9970000443","Student#963"
"School of Computing and Informatics","Information Technology","UG","Information Technology","251FA07045","Nikhil","Mohan","Gupta","","nikhil.gupta444k@vignan.ac.in","9970000444","Student#963"
"School of Computing and Informatics","Information Technology","UG","Information Technology","251FA07046","Sanjay","Kishore","Iyer","","sanjay.iyer445k@vignan.ac.in","9970000445","Student#963"
"School of Computing and Informatics","Information Technology","UG","Information Technology","251FA07047","Vikram","Babu","Bose","","vikram.bose446k@vignan.ac.in","9970000446","Student#963"
"School of Computing and Informatics","Information Technology","UG","Information Technology","251FA07048","Harsh","","Shukla","","harsh.shukla447k@vignan.ac.in","9970000447","Student#963"
"School of Computing and Informatics","Information Technology","UG","Information Technology","251FA07049","Abhishek","","Rathore","","abhishek.rathore448k@vignan.ac.in","9970000448","Student#963"
"School of Computing and Informatics","Information Technology","UG","Information Technology","251FA07050","Manish","","Jadhav","","manish.jadhav449k@vignan.ac.in","9970000449","Student#963"
"School of Computing and Informatics","Information Technology","UG","Information Technology","251FA07051","Praveen","","Reddy","","praveen.reddy450k@vignan.ac.in","9970000450","Student#963"
"School of Computing and Informatics","Information Technology","UG","Information Technology","251FA07052","Suresh","Kumar","Verma","","suresh.verma451k@vignan.ac.in","9970000451","Student#963"
"School of Computing and Informatics","Information Technology","UG","Information Technology","251FA07053","Ramesh","Chandra","Pillai","","ramesh.pillai452k@vignan.ac.in","9970000452","Student#963"
"School of Computing and Informatics","Information Technology","UG","Information Technology","251FA07054","Naresh","Prasad","Sen","","naresh.sen453k@vignan.ac.in","9970000453","Student#963"
"School of Computing and Informatics","Information Technology","UG","Information Technology","251FA07055","Ganesh","Raj","Dubey","","ganesh.dubey454k@vignan.ac.in","9970000454","Student#963"
"School of Computing and Informatics","Information Technology","UG","Information Technology","251FA07056","Mahesh","Venkata","Thakur","","mahesh.thakur455k@vignan.ac.in","9970000455","Student#963"
"School of Computing and Informatics","Information Technology","UG","Information Technology","251FA07057","Dinesh","Sri","Kulkarni","","dinesh.kulkarni456k@vignan.ac.in","9970000456","Student#963"
"School of Computing and Informatics","Information Technology","UG","Information Technology","251FA07058","Rajesh","Sai","Salunkhe","","rajesh.salunkhe457k@vignan.ac.in","9970000457","Student#963"
"School of Computing and Informatics","Information Technology","UG","Information Technology","251FA07059","Kiran","Mohan","Sharma","","kiran.sharma458k@vignan.ac.in","9970000458","Student#963"
"School of Computing and Informatics","Information Technology","UG","Information Technology","251FA07060","Tarun","Kishore","Nair","","tarun.nair459k@vignan.ac.in","9970000459","Student#963"
"School of Computing and Informatics","Information Technology","UG","Information Technology","251FA07061","Swathi","Babu","Mukherjee","","swathi.mukherjee460k@vignan.ac.in","9970000460","Student#963"
"School of Computing and Informatics","Information Technology","UG","Information Technology","251FA07062","Divya","","Tiwari","","divya.tiwari461k@vignan.ac.in","9970000461","Student#963"
"School of Computing and Informatics","Information Technology","UG","Information Technology","251FA07063","Harini","","Chauhan","","harini.chauhan462k@vignan.ac.in","9970000462","Student#963"
"School of Computing and Informatics","Information Technology","UG","Information Technology","251FA07064","Keerthi","","Deshmukh","","keerthi.deshmukh463k@vignan.ac.in","9970000463","Student#963"
"School of Computing and Informatics","Information Technology","UG","Information Technology","251FA07065","Lavanya","","Sawant","","lavanya.sawant464k@vignan.ac.in","9970000464","Student#963"
"School of Computing and Informatics","Information Technology","UG","Information Technology","251FA07066","Meghana","Kumar","Naidu","","meghana.naidu465k@vignan.ac.in","9970000465","Student#963"
"School of Computing and Informatics","Information Technology","UG","Information Technology","251FA07067","Mounika","Chandra","Bhat","","mounika.bhat466k@vignan.ac.in","9970000466","Student#963"
"School of Computing and Informatics","Information Technology","UG","Information Technology","251FA07068","Nandini","Prasad","Chatterjee","","nandini.chatterjee467k@vignan.ac.in","9970000467","Student#963"
"School of Computing and Informatics","Information Technology","UG","Information Technology","251FA07069","Pallavi","Raj","Pandey","","pallavi.pandey468k@vignan.ac.in","9970000468","Student#963"
"School of Computing and Informatics","Information Technology","UG","Information Technology","251FA07070","Pavani","Venkata","Yadav","","pavani.yadav469k@vignan.ac.in","9970000469","Student#963"
"School of Computing and Informatics","Information Technology","UG","Information Technology","251FA07071","Pranathi","Sri","Patil","","pranathi.patil470k@vignan.ac.in","9970000470","Student#963"
"School of Computing and Informatics","Information Technology","UG","Information Technology","251FA07072","Ramya","Sai","Tamboli","","ramya.tamboli471k@vignan.ac.in","9970000471","Student#963"
"School of Computing and Informatics","Information Technology","UG","Information Technology","251FA07073","Sandhya","Mohan","Goud","","sandhya.goud472k@vignan.ac.in","9970000472","Student#963"
"School of Computing and Informatics","Information Technology","UG","Information Technology","251FA07074","Sirisha","Kishore","Joshi","","sirisha.joshi473k@vignan.ac.in","9970000473","Student#963"
"School of Computing and Informatics","Information Technology","UG","Information Technology","251FA07075","Sowmya","Babu","Banerjee","","sowmya.banerjee474k@vignan.ac.in","9970000474","Student#963"
"School of Computing and Informatics","Information Technology","UG","Information Technology","251FA07076","Sravani","","Mishra","","sravani.mishra475k@vignan.ac.in","9970000475","Student#963"
"School of Computing and Informatics","Information Technology","UG","Information Technology","251FA07077","Srinu","","Singh","","srinu.singh476k@vignan.ac.in","9970000476","Student#963"
"School of Computing and Informatics","Information Technology","UG","Information Technology","251FA07078","Tejaswi","","Shinde","","tejaswi.shinde477k@vignan.ac.in","9970000477","Student#963"
"School of Computing and Informatics","Information Technology","UG","Information Technology","251FA07079","Vaishnavi","","Gaikwad","","vaishnavi.gaikwad478k@vignan.ac.in","9970000478","Student#963"
"School of Computing and Informatics","Information Technology","UG","Information Technology","251FA07080","Yamini","Kumar","Varma","","yamini.varma479k@vignan.ac.in","9970000479","Student#963"
"School of Computing and Informatics","Information Technology","UG","Information Technology","251FA07081","Aarav","Chandra","Mehta","","aarav.mehta480k@vignan.ac.in","9970000480","Student#963"
"School of Computing and Informatics","Information Technology","UG","Information Technology","251FA07082","Vivaan","Prasad","Das","","vivaan.das481k@vignan.ac.in","9970000481","Student#963"
"School of Computing and Informatics","Information Technology","UG","Information Technology","251FA07083","Aditya","Raj","Ghosh","","aditya.ghosh482k@vignan.ac.in","9970000482","Student#963"
"School of Computing and Informatics","Information Technology","UG","Information Technology","251FA07084","Vihaan","Venkata","Prasad","","vihaan.prasad483k@vignan.ac.in","9970000483","Student#963"
"School of Computing and Informatics","Information Technology","UG","Information Technology","251FA07085","Arjun","Sri","Kadam","","arjun.kadam484k@vignan.ac.in","9970000484","Student#963"
"School of Computing and Informatics","Information Technology","UG","Information Technology","251FA07086","Sai","Sai","Bhosale","","sai.bhosale485k@vignan.ac.in","9970000485","Student#963"
"School of Computing and Informatics","Information Technology","UG","Information Technology","251FA07087","Reyansh","Mohan","Rao","","reyansh.rao486k@vignan.ac.in","9970000486","Student#963"
"School of Computing and Informatics","Information Technology","UG","Information Technology","251FA07088","Ayaan","Kishore","Patel","","ayaan.patel487k@vignan.ac.in","9970000487","Student#963"
"School of Computing and Informatics","Information Technology","UG","Information Technology","251FA07089","Krishna","Babu","Menon","","krishna.menon488k@vignan.ac.in","9970000488","Student#963"
"School of Computing and Informatics","Information Technology","UG","Information Technology","251FA07090","Ishaan","","Dutta","","ishaan.dutta489k@vignan.ac.in","9970000489","Student#963"
"School of Computing and Informatics","Information Technology","UG","Information Technology","251FA07091","Shaurya","","Kumar","","shaurya.kumar490k@vignan.ac.in","9970000490","Student#963"
"School of Computing and Informatics","Information Technology","UG","Information Technology","251FA07092","Atharva","","Pawar","","atharva.pawar491k@vignan.ac.in","9970000491","Student#963"
"School of Computing and Informatics","Information Technology","UG","Information Technology","251FA07093","Advik","","More","","advik.more492k@vignan.ac.in","9970000492","Student#963"
"School of Computing and Informatics","Information Technology","UG","Information Technology","251FA07094","Pranav","Kumar","Chowdhary","","pranav.chowdhary493k@vignan.ac.in","9970000493","Student#963"
"School of Computing and Informatics","Information Technology","UG","Information Technology","251FA07095","Advaith","Chandra","Gupta","","advaith.gupta494k@vignan.ac.in","9970000494","Student#963"
"School of Computing and Informatics","Information Technology","UG","Information Technology","251FA07096","Aaryan","Prasad","Iyer","","aaryan.iyer495k@vignan.ac.in","9970000495","Student#963"
"School of Computing and Informatics","Information Technology","UG","Information Technology","251FA07097","Dhruv","Raj","Bose","","dhruv.bose496k@vignan.ac.in","9970000496","Student#963"
"School of Computing and Informatics","Information Technology","UG","Information Technology","251FA07098","Kabir","Venkata","Shukla","","kabir.shukla497k@vignan.ac.in","9970000497","Student#963"
"School of Computing and Informatics","Information Technology","UG","Information Technology","251FA07099","Ritvik","Sri","Rathore","","ritvik.rathore498k@vignan.ac.in","9970000498","Student#963"
"School of Computing and Informatics","Information Technology","UG","Information Technology","251FA07100","Darsh","Sai","Jadhav","","darsh.jadhav499k@vignan.ac.in","9970000499","Student#963"
"School of Computing and Informatics","Information Technology","UG","Information Technology","251FA07101","Ananya","Mohan","Reddy","","ananya.reddy500k@vignan.ac.in","9970000500","Student#963"
"School of Computing and Informatics","Information Technology","UG","Information Technology","251FA07102","Diya","Kishore","Verma","","diya.verma501k@vignan.ac.in","9970000501","Student#963"
"School of Computing and Informatics","Information Technology","UG","Information Technology","251FA07103","Saanvi","Babu","Pillai","","saanvi.pillai502k@vignan.ac.in","9970000502","Student#963"
"School of Computing and Informatics","Information Technology","UG","Information Technology","251FA07104","Aadhya","","Sen","","aadhya.sen503k@vignan.ac.in","9970000503","Student#963"
"School of Computing and Informatics","Information Technology","UG","Information Technology","251FA07105","Pari","","Dubey","","pari.dubey504k@vignan.ac.in","9970000504","Student#963"
"School of Computing and Informatics","Information Technology","UG","Information Technology","251FA07106","Kiara","","Thakur","","kiara.thakur505k@vignan.ac.in","9970000505","Student#963"
"School of Computing and Informatics","Information Technology","UG","Information Technology","251FA07107","Myra","","Kulkarni","","myra.kulkarni506k@vignan.ac.in","9970000506","Student#963"
"School of Computing and Informatics","Information Technology","UG","Information Technology","251FA07108","Riya","Kumar","Salunkhe","","riya.salunkhe507k@vignan.ac.in","9970000507","Student#963"
"School of Computing and Informatics","Information Technology","UG","Information Technology","251FA07109","Anushka","Chandra","Sharma","","anushka.sharma508k@vignan.ac.in","9970000508","Student#963"
"School of Computing and Informatics","Information Technology","UG","Information Technology","251FA07110","Aarohi","Prasad","Nair","","aarohi.nair509k@vignan.ac.in","9970000509","Student#963"
"School of Computing and Informatics","Information Technology","UG","Information Technology","251FA07111","Isha","Raj","Mukherjee","","isha.mukherjee510k@vignan.ac.in","9970000510","Student#963"
"School of Computing and Informatics","Information Technology","UG","Information Technology","251FA07112","Navya","Venkata","Tiwari","","navya.tiwari511k@vignan.ac.in","9970000511","Student#963"
"School of Computing and Informatics","Information Technology","UG","Information Technology","251FA07113","Avani","Sri","Chauhan","","avani.chauhan512k@vignan.ac.in","9970000512","Student#963"
"School of Computing and Informatics","Information Technology","UG","Information Technology","251FA07114","Tanvi","Sai","Deshmukh","","tanvi.deshmukh513k@vignan.ac.in","9970000513","Student#963"
"School of Computing and Informatics","Information Technology","UG","Information Technology","251FA07115","Shanaya","Mohan","Sawant","","shanaya.sawant514k@vignan.ac.in","9970000514","Student#963"
"School of Computing and Informatics","Information Technology","UG","Information Technology","251FA07116","Pooja","Kishore","Naidu","","pooja.naidu515k@vignan.ac.in","9970000515","Student#963"
"School of Computing and Informatics","Information Technology","UG","Information Technology","251FA07117","Sneha","Babu","Bhat","","sneha.bhat516k@vignan.ac.in","9970000516","Student#963"
"School of Computing and Informatics","Information Technology","UG","Information Technology","251FA07118","Kavya","","Chatterjee","","kavya.chatterjee517k@vignan.ac.in","9970000517","Student#963"
"School of Computing and Informatics","Information Technology","UG","Information Technology","251FA07119","Bhavya","","Pandey","","bhavya.pandey518k@vignan.ac.in","9970000518","Student#963"
"School of Computing and Informatics","Information Technology","UG","Information Technology","251FA07120","Deepika","","Yadav","","deepika.yadav519k@vignan.ac.in","9970000519","Student#963"
"School of Computing and Informatics","Information Technology","UG","Information Technology","251FA07121","Rohan","","Patil","","rohan.patil520k@vignan.ac.in","9970000520","Student#963"
"School of Computing and Informatics","Information Technology","UG","Information Technology","251FA07122","Rahul","Kumar","Tamboli","","rahul.tamboli521k@vignan.ac.in","9970000521","Student#963"
"School of Computing and Informatics","Information Technology","UG","Information Technology","251FA07123","Karthik","Chandra","Goud","","karthik.goud522k@vignan.ac.in","9970000522","Student#963"
"School of Computing and Informatics","Information Technology","UG","Information Technology","251FA07124","Varun","Prasad","Joshi","","varun.joshi523k@vignan.ac.in","9970000523","Student#963"
"School of Computing and Informatics","Information Technology","UG","Information Technology","251FA07125","Nikhil","Raj","Banerjee","","nikhil.banerjee524k@vignan.ac.in","9970000524","Student#963"
"School of Computing and Informatics","Information Technology","UG","Information Technology","251FA07126","Sanjay","Venkata","Mishra","","sanjay.mishra525k@vignan.ac.in","9970000525","Student#963"
"School of Computing and Informatics","Information Technology","UG","Information Technology","251FA07127","Vikram","Sri","Singh","","vikram.singh526k@vignan.ac.in","9970000526","Student#963"
"School of Computing and Informatics","Information Technology","UG","Information Technology","251FA07128","Harsh","Sai","Shinde","","harsh.shinde527k@vignan.ac.in","9970000527","Student#963"
"School of Computing and Informatics","Information Technology","UG","Information Technology","251FA07129","Abhishek","Mohan","Gaikwad","","abhishek.gaikwad528k@vignan.ac.in","9970000528","Student#963"
"School of Computing and Informatics","Information Technology","UG","Information Technology","251FA07130","Manish","Kishore","Varma","","manish.varma529k@vignan.ac.in","9970000529","Student#963"
"School of Computing and Informatics","Information Technology","UG","Information Technology","251FA07131","Praveen","Babu","Mehta","","praveen.mehta530k@vignan.ac.in","9970000530","Student#963"
"School of Computing and Informatics","Information Technology","UG","Information Technology","251FA07132","Suresh","","Das","","suresh.das531k@vignan.ac.in","9970000531","Student#963"
"School of Computing and Informatics","Information Technology","UG","Information Technology","251FA07133","Ramesh","","Ghosh","","ramesh.ghosh532k@vignan.ac.in","9970000532","Student#963"
"School of Computing and Informatics","Information Technology","UG","Information Technology","251FA07134","Naresh","","Prasad","","naresh.prasad533k@vignan.ac.in","9970000533","Student#963"
"School of Computing and Informatics","Information Technology","UG","Information Technology","251FA07135","Ganesh","","Kadam","","ganesh.kadam534k@vignan.ac.in","9970000534","Student#963"
"School of Computing and Informatics","Information Technology","UG","Information Technology","251FA07136","Mahesh","Kumar","Bhosale","","mahesh.bhosale535k@vignan.ac.in","9970000535","Student#963"
"School of Computing and Informatics","Information Technology","UG","Information Technology","251FA07137","Dinesh","Chandra","Rao","","dinesh.rao536k@vignan.ac.in","9970000536","Student#963"
"School of Computing and Informatics","Information Technology","UG","Information Technology","251FA07138","Rajesh","Prasad","Patel","","rajesh.patel537k@vignan.ac.in","9970000537","Student#963"
"School of Computing and Informatics","Information Technology","UG","Information Technology","251FA07139","Kiran","Raj","Menon","","kiran.menon538k@vignan.ac.in","9970000538","Student#963"
"School of Computing and Informatics","Information Technology","UG","Information Technology","251FA07140","Tarun","Venkata","Dutta","","tarun.dutta539k@vignan.ac.in","9970000539","Student#963"
"School of Computing and Informatics","Information Technology","UG","Information Technology","251FA07141","Swathi","Sri","Kumar","","swathi.kumar540k@vignan.ac.in","9970000540","Student#963"
"School of Computing and Informatics","Information Technology","UG","Information Technology","251FA07142","Divya","Sai","Pawar","","divya.pawar541k@vignan.ac.in","9970000541","Student#963"
"School of Computing and Informatics","Information Technology","UG","Information Technology","251FA07143","Harini","Mohan","More","","harini.more542k@vignan.ac.in","9970000542","Student#963"
"School of Computing and Informatics","Information Technology","UG","Information Technology","251FA07144","Keerthi","Kishore","Chowdhary","","keerthi.chowdhary543k@vignan.ac.in","9970000543","Student#963"
"School of Computing and Informatics","Information Technology","UG","Information Technology","251FA07145","Lavanya","Babu","Gupta","","lavanya.gupta544k@vignan.ac.in","9970000544","Student#963"
"School of Computing and Informatics","Information Technology","UG","Information Technology","251FA07146","Meghana","","Iyer","","meghana.iyer545k@vignan.ac.in","9970000545","Student#963"
"School of Computing and Informatics","Information Technology","UG","Information Technology","251FA07147","Mounika","","Bose","","mounika.bose546k@vignan.ac.in","9970000546","Student#963"
"School of Computing and Informatics","Information Technology","UG","Information Technology","251FA07148","Nandini","","Shukla","","nandini.shukla547k@vignan.ac.in","9970000547","Student#963"
"School of Computing and Informatics","Information Technology","UG","Information Technology","251FA07149","Pallavi","","Rathore","","pallavi.rathore548k@vignan.ac.in","9970000548","Student#963"
"School of Computing and Informatics","Information Technology","UG","Information Technology","251FA07150","Pavani","Kumar","Jadhav","","pavani.jadhav549k@vignan.ac.in","9970000549","Student#963"
"School of Computing and Informatics","Information Technology","UG","Information Technology","251FA07151","Pranathi","Chandra","Reddy","","pranathi.reddy550k@vignan.ac.in","9970000550","Student#963"
"School of Computing and Informatics","Information Technology","UG","Information Technology","251FA07152","Ramya","Prasad","Verma","","ramya.verma551k@vignan.ac.in","9970000551","Student#963"
"School of Computing and Informatics","Information Technology","UG","Information Technology","251FA07153","Sandhya","Raj","Pillai","","sandhya.pillai552k@vignan.ac.in","9970000552","Student#963"
"School of Computing and Informatics","Information Technology","UG","Information Technology","251FA07154","Sirisha","Venkata","Sen","","sirisha.sen553k@vignan.ac.in","9970000553","Student#963"
"School of Computing and Informatics","Information Technology","UG","Information Technology","251FA07155","Sowmya","Sri","Dubey","","sowmya.dubey554k@vignan.ac.in","9970000554","Student#963"
"School of Computing and Informatics","Information Technology","UG","Information Technology","251FA07156","Sravani","Sai","Thakur","","sravani.thakur555k@vignan.ac.in","9970000555","Student#963"
"School of Computing and Informatics","Information Technology","UG","Information Technology","251FA07157","Srinu","Mohan","Kulkarni","","srinu.kulkarni556k@vignan.ac.in","9970000556","Student#963"
"School of Computing and Informatics","Information Technology","UG","Information Technology","251FA07158","Tejaswi","Kishore","Salunkhe","","tejaswi.salunkhe557k@vignan.ac.in","9970000557","Student#963"
"School of Computing and Informatics","Information Technology","UG","Information Technology","251FA07159","Vaishnavi","Babu","Sharma","","vaishnavi.sharma558k@vignan.ac.in","9970000558","Student#963"
"School of Computing and Informatics","Information Technology","UG","Information Technology","251FA07160","Yamini","","Nair","","yamini.nair559k@vignan.ac.in","9970000559","Student#963"
"School of Computing and Informatics","Information Technology","UG","Information Technology","251FA07161","Aarav","","Mukherjee","","aarav.mukherjee560k@vignan.ac.in","9970000560","Student#963"
"School of Computing and Informatics","Information Technology","UG","Information Technology","251FA07162","Vivaan","","Tiwari","","vivaan.tiwari561k@vignan.ac.in","9970000561","Student#963"
"School of Computing and Informatics","Information Technology","UG","Information Technology","251FA07163","Aditya","","Chauhan","","aditya.chauhan562k@vignan.ac.in","9970000562","Student#963"
"School of Computing and Informatics","Information Technology","UG","Information Technology","251FA07164","Vihaan","Kumar","Deshmukh","","vihaan.deshmukh563k@vignan.ac.in","9970000563","Student#963"
"School of Computing and Informatics","Information Technology","UG","Information Technology","251FA07165","Arjun","Chandra","Sawant","","arjun.sawant564k@vignan.ac.in","9970000564","Student#963"
"School of Computing and Informatics","Information Technology","UG","Information Technology","251FA07166","Sai","Prasad","Naidu","","sai.naidu565k@vignan.ac.in","9970000565","Student#963"
"School of Computing and Informatics","Information Technology","UG","Information Technology","251FA07167","Reyansh","Raj","Bhat","","reyansh.bhat566k@vignan.ac.in","9970000566","Student#963"
"School of Computing and Informatics","Information Technology","UG","Information Technology","251FA07168","Ayaan","Venkata","Chatterjee","","ayaan.chatterjee567k@vignan.ac.in","9970000567","Student#963"
"School of Computing and Informatics","Information Technology","UG","Information Technology","251FA07169","Krishna","Sri","Pandey","","krishna.pandey568k@vignan.ac.in","9970000568","Student#963"
"School of Computing and Informatics","Information Technology","UG","Information Technology","251FA07170","Ishaan","Sai","Yadav","","ishaan.yadav569k@vignan.ac.in","9970000569","Student#963"
"School of Computing and Informatics","Information Technology","UG","Information Technology","251FA07171","Shaurya","Mohan","Patil","","shaurya.patil570k@vignan.ac.in","9970000570","Student#963"
"School of Computing and Informatics","Information Technology","UG","Information Technology","251FA07172","Atharva","Kishore","Tamboli","","atharva.tamboli571k@vignan.ac.in","9970000571","Student#963"
"School of Computing and Informatics","Information Technology","UG","Information Technology","251FA07173","Advik","Babu","Goud","","advik.goud572k@vignan.ac.in","9970000572","Student#963"
"School of Computing and Informatics","Information Technology","UG","Information Technology","251FA07174","Pranav","","Joshi","","pranav.joshi573k@vignan.ac.in","9970000573","Student#963"
"School of Computing and Informatics","Information Technology","UG","Information Technology","251FA07175","Advaith","","Banerjee","","advaith.banerjee574k@vignan.ac.in","9970000574","Student#963"
"School of Computing and Informatics","Information Technology","UG","Information Technology","251FA07176","Aaryan","","Mishra","","aaryan.mishra575k@vignan.ac.in","9970000575","Student#963"
"School of Computing and Informatics","Information Technology","UG","Information Technology","251FA07177","Dhruv","","Singh","","dhruv.singh576k@vignan.ac.in","9970000576","Student#963"
"School of Computing and Informatics","Information Technology","UG","Information Technology","251FA07178","Kabir","Kumar","Shinde","","kabir.shinde577k@vignan.ac.in","9970000577","Student#963"
"School of Computing and Informatics","Information Technology","UG","Information Technology","251FA07179","Ritvik","Chandra","Gaikwad","","ritvik.gaikwad578k@vignan.ac.in","9970000578","Student#963"
"School of Computing and Informatics","Information Technology","UG","Information Technology","251FA07180","Darsh","Prasad","Varma","","darsh.varma579k@vignan.ac.in","9970000579","Student#963"
"School of Computing and Informatics","Information Technology","UG","Information Technology","251FA07181","Ananya","Raj","Mehta","","ananya.mehta580k@vignan.ac.in","9970000580","Student#963"
"School of Computing and Informatics","Information Technology","UG","Information Technology","251FA07182","Diya","Venkata","Das","","diya.das581k@vignan.ac.in","9970000581","Student#963"
"School of Computing and Informatics","Information Technology","UG","Information Technology","251FA07183","Saanvi","Sri","Ghosh","","saanvi.ghosh582k@vignan.ac.in","9970000582","Student#963"
"School of Computing and Informatics","Information Technology","UG","Information Technology","251FA07184","Aadhya","Sai","Prasad","","aadhya.prasad583k@vignan.ac.in","9970000583","Student#963"
"School of Computing and Informatics","Information Technology","UG","Information Technology","251FA07185","Pari","Mohan","Kadam","","pari.kadam584k@vignan.ac.in","9970000584","Student#963"
"School of Computing and Informatics","Information Technology","UG","Information Technology","251FA07186","Kiara","Kishore","Bhosale","","kiara.bhosale585k@vignan.ac.in","9970000585","Student#963"
"School of Computing and Informatics","Information Technology","UG","Information Technology","251FA07187","Myra","Babu","Rao","","myra.rao586k@vignan.ac.in","9970000586","Student#963"
"School of Computing and Informatics","Information Technology","UG","Information Technology","251FA07188","Riya","","Patel","","riya.patel587k@vignan.ac.in","9970000587","Student#963"
"School of Computing and Informatics","Information Technology","UG","Information Technology","251FA07189","Anushka","","Menon","","anushka.menon588k@vignan.ac.in","9970000588","Student#963"
"School of Computing and Informatics","Information Technology","UG","Information Technology","251FA07190","Aarohi","","Dutta","","aarohi.dutta589k@vignan.ac.in","9970000589","Student#963"
"School of Computing and Informatics","Information Technology","UG","Information Technology","251FA07191","Isha","","Kumar","","isha.kumar590k@vignan.ac.in","9970000590","Student#963"
"School of Computing and Informatics","Information Technology","UG","Information Technology","251FA07192","Navya","Kumar","Pawar","","navya.pawar591k@vignan.ac.in","9970000591","Student#963"
"School of Computing and Informatics","Information Technology","UG","Information Technology","251FA07193","Avani","Chandra","More","","avani.more592k@vignan.ac.in","9970000592","Student#963"
"School of Computing and Informatics","Information Technology","UG","Information Technology","251FA07194","Tanvi","Prasad","Chowdhary","","tanvi.chowdhary593k@vignan.ac.in","9970000593","Student#963"
"School of Computing and Informatics","Information Technology","UG","Information Technology","251FA07195","Shanaya","Raj","Gupta","","shanaya.gupta594k@vignan.ac.in","9970000594","Student#963"
"School of Computing and Informatics","Information Technology","UG","Information Technology","251FA07196","Pooja","Venkata","Iyer","","pooja.iyer595k@vignan.ac.in","9970000595","Student#963"
"School of Computing and Informatics","Information Technology","UG","Information Technology","251FA07197","Sneha","Sri","Bose","","sneha.bose596k@vignan.ac.in","9970000596","Student#963"
"School of Computing and Informatics","Information Technology","UG","Information Technology","251FA07198","Kavya","Sai","Shukla","","kavya.shukla597k@vignan.ac.in","9970000597","Student#963"
"School of Computing and Informatics","Information Technology","UG","Information Technology","251FA07199","Bhavya","Mohan","Rathore","","bhavya.rathore598k@vignan.ac.in","9970000598","Student#963"
"School of Computing and Informatics","Information Technology","UG","Information Technology","251FA07200","Deepika","Kishore","Jadhav","","deepika.jadhav599k@vignan.ac.in","9970000599","Student#963"
"School of Computing and Informatics","Information Technology","UG","Information Technology","251FA07201","Rohan","Babu","Reddy","","rohan.reddy600k@vignan.ac.in","9970000600","Student#963"
"School of Electrical, Electronics and Communication Engineering","Electronics and Communication Engineering","UG","Electronics and Communication Engineering","251FA05001","Rahul","","Verma","","rahul.verma601k@vignan.ac.in","9970000601","Student#963"
"School of Electrical, Electronics and Communication Engineering","Electronics and Communication Engineering","UG","Electronics and Communication Engineering","251FA05002","Karthik","","Pillai","","karthik.pillai602k@vignan.ac.in","9970000602","Student#963"
"School of Electrical, Electronics and Communication Engineering","Electronics and Communication Engineering","UG","Electronics and Communication Engineering","251FA05003","Varun","","Sen","","varun.sen603k@vignan.ac.in","9970000603","Student#963"
"School of Electrical, Electronics and Communication Engineering","Electronics and Communication Engineering","UG","Electronics and Communication Engineering","251FA05004","Nikhil","","Dubey","","nikhil.dubey604k@vignan.ac.in","9970000604","Student#963"
"School of Electrical, Electronics and Communication Engineering","Electronics and Communication Engineering","UG","Electronics and Communication Engineering","251FA05005","Sanjay","Kumar","Thakur","","sanjay.thakur605k@vignan.ac.in","9970000605","Student#963"
"School of Electrical, Electronics and Communication Engineering","Electronics and Communication Engineering","UG","Electronics and Communication Engineering","251FA05006","Vikram","Chandra","Kulkarni","","vikram.kulkarni606k@vignan.ac.in","9970000606","Student#963"
"School of Electrical, Electronics and Communication Engineering","Electronics and Communication Engineering","UG","Electronics and Communication Engineering","251FA05007","Harsh","Prasad","Salunkhe","","harsh.salunkhe607k@vignan.ac.in","9970000607","Student#963"
"School of Electrical, Electronics and Communication Engineering","Electronics and Communication Engineering","UG","Electronics and Communication Engineering","251FA05008","Abhishek","Raj","Sharma","","abhishek.sharma608k@vignan.ac.in","9970000608","Student#963"
"School of Electrical, Electronics and Communication Engineering","Electronics and Communication Engineering","UG","Electronics and Communication Engineering","251FA05009","Manish","Venkata","Nair","","manish.nair609k@vignan.ac.in","9970000609","Student#963"
"School of Electrical, Electronics and Communication Engineering","Electronics and Communication Engineering","UG","Electronics and Communication Engineering","251FA05010","Praveen","Sri","Mukherjee","","praveen.mukherjee610k@vignan.ac.in","9970000610","Student#963"
"School of Electrical, Electronics and Communication Engineering","Electronics and Communication Engineering","UG","Electronics and Communication Engineering","251FA05011","Suresh","Sai","Tiwari","","suresh.tiwari611k@vignan.ac.in","9970000611","Student#963"
"School of Electrical, Electronics and Communication Engineering","Electronics and Communication Engineering","UG","Electronics and Communication Engineering","251FA05012","Ramesh","Mohan","Chauhan","","ramesh.chauhan612k@vignan.ac.in","9970000612","Student#963"
"School of Electrical, Electronics and Communication Engineering","Electronics and Communication Engineering","UG","Electronics and Communication Engineering","251FA05013","Naresh","Kishore","Deshmukh","","naresh.deshmukh613k@vignan.ac.in","9970000613","Student#963"
"School of Electrical, Electronics and Communication Engineering","Electronics and Communication Engineering","UG","Electronics and Communication Engineering","251FA05014","Ganesh","Babu","Sawant","","ganesh.sawant614k@vignan.ac.in","9970000614","Student#963"
"School of Electrical, Electronics and Communication Engineering","Electronics and Communication Engineering","UG","Electronics and Communication Engineering","251FA05015","Mahesh","","Naidu","","mahesh.naidu615k@vignan.ac.in","9970000615","Student#963"
"School of Electrical, Electronics and Communication Engineering","Electronics and Communication Engineering","UG","Electronics and Communication Engineering","251FA05016","Dinesh","","Bhat","","dinesh.bhat616k@vignan.ac.in","9970000616","Student#963"
"School of Electrical, Electronics and Communication Engineering","Electronics and Communication Engineering","UG","Electronics and Communication Engineering","251FA05017","Rajesh","","Chatterjee","","rajesh.chatterjee617k@vignan.ac.in","9970000617","Student#963"
"School of Electrical, Electronics and Communication Engineering","Electronics and Communication Engineering","UG","Electronics and Communication Engineering","251FA05018","Kiran","","Pandey","","kiran.pandey618k@vignan.ac.in","9970000618","Student#963"
"School of Electrical, Electronics and Communication Engineering","Electronics and Communication Engineering","UG","Electronics and Communication Engineering","251FA05019","Tarun","Kumar","Yadav","","tarun.yadav619k@vignan.ac.in","9970000619","Student#963"
"School of Electrical, Electronics and Communication Engineering","Electronics and Communication Engineering","UG","Electronics and Communication Engineering","251FA05020","Swathi","Chandra","Patil","","swathi.patil620k@vignan.ac.in","9970000620","Student#963"
"School of Electrical, Electronics and Communication Engineering","Electronics and Communication Engineering","UG","Electronics and Communication Engineering","251FA05021","Divya","Prasad","Tamboli","","divya.tamboli621k@vignan.ac.in","9970000621","Student#963"
"School of Electrical, Electronics and Communication Engineering","Electronics and Communication Engineering","UG","Electronics and Communication Engineering","251FA05022","Harini","Raj","Goud","","harini.goud622k@vignan.ac.in","9970000622","Student#963"
"School of Electrical, Electronics and Communication Engineering","Electronics and Communication Engineering","UG","Electronics and Communication Engineering","251FA05023","Keerthi","Venkata","Joshi","","keerthi.joshi623k@vignan.ac.in","9970000623","Student#963"
"School of Electrical, Electronics and Communication Engineering","Electronics and Communication Engineering","UG","Electronics and Communication Engineering","251FA05024","Lavanya","Sri","Banerjee","","lavanya.banerjee624k@vignan.ac.in","9970000624","Student#963"
"School of Electrical, Electronics and Communication Engineering","Electronics and Communication Engineering","UG","Electronics and Communication Engineering","251FA05025","Meghana","Sai","Mishra","","meghana.mishra625k@vignan.ac.in","9970000625","Student#963"
"School of Electrical, Electronics and Communication Engineering","Electronics and Communication Engineering","UG","Electronics and Communication Engineering","251FA05026","Mounika","Mohan","Singh","","mounika.singh626k@vignan.ac.in","9970000626","Student#963"
"School of Electrical, Electronics and Communication Engineering","Electronics and Communication Engineering","UG","Electronics and Communication Engineering","251FA05027","Nandini","Kishore","Shinde","","nandini.shinde627k@vignan.ac.in","9970000627","Student#963"
"School of Electrical, Electronics and Communication Engineering","Electronics and Communication Engineering","UG","Electronics and Communication Engineering","251FA05028","Pallavi","Babu","Gaikwad","","pallavi.gaikwad628k@vignan.ac.in","9970000628","Student#963"
"School of Electrical, Electronics and Communication Engineering","Electronics and Communication Engineering","UG","Electronics and Communication Engineering","251FA05029","Pavani","","Varma","","pavani.varma629k@vignan.ac.in","9970000629","Student#963"
"School of Electrical, Electronics and Communication Engineering","Electronics and Communication Engineering","UG","Electronics and Communication Engineering","251FA05030","Pranathi","","Mehta","","pranathi.mehta630k@vignan.ac.in","9970000630","Student#963"
"School of Electrical, Electronics and Communication Engineering","Electronics and Communication Engineering","UG","Electronics and Communication Engineering","251FA05031","Ramya","","Das","","ramya.das631k@vignan.ac.in","9970000631","Student#963"
"School of Electrical, Electronics and Communication Engineering","Electronics and Communication Engineering","UG","Electronics and Communication Engineering","251FA05032","Sandhya","","Ghosh","","sandhya.ghosh632k@vignan.ac.in","9970000632","Student#963"
"School of Electrical, Electronics and Communication Engineering","Electronics and Communication Engineering","UG","Electronics and Communication Engineering","251FA05033","Sirisha","Kumar","Prasad","","sirisha.prasad633k@vignan.ac.in","9970000633","Student#963"
"School of Electrical, Electronics and Communication Engineering","Electronics and Communication Engineering","UG","Electronics and Communication Engineering","251FA05034","Sowmya","Chandra","Kadam","","sowmya.kadam634k@vignan.ac.in","9970000634","Student#963"
"School of Electrical, Electronics and Communication Engineering","Electronics and Communication Engineering","UG","Electronics and Communication Engineering","251FA05035","Sravani","Prasad","Bhosale","","sravani.bhosale635k@vignan.ac.in","9970000635","Student#963"
"School of Electrical, Electronics and Communication Engineering","Electronics and Communication Engineering","UG","Electronics and Communication Engineering","251FA05036","Srinu","Raj","Rao","","srinu.rao636k@vignan.ac.in","9970000636","Student#963"
"School of Electrical, Electronics and Communication Engineering","Electronics and Communication Engineering","UG","Electronics and Communication Engineering","251FA05037","Tejaswi","Venkata","Patel","","tejaswi.patel637k@vignan.ac.in","9970000637","Student#963"
"School of Electrical, Electronics and Communication Engineering","Electronics and Communication Engineering","UG","Electronics and Communication Engineering","251FA05038","Vaishnavi","Sri","Menon","","vaishnavi.menon638k@vignan.ac.in","9970000638","Student#963"
"School of Electrical, Electronics and Communication Engineering","Electronics and Communication Engineering","UG","Electronics and Communication Engineering","251FA05039","Yamini","Sai","Dutta","","yamini.dutta639k@vignan.ac.in","9970000639","Student#963"
"School of Electrical, Electronics and Communication Engineering","Electronics and Communication Engineering","UG","Electronics and Communication Engineering","251FA05040","Aarav","Mohan","Kumar","","aarav.kumar640k@vignan.ac.in","9970000640","Student#963"
"School of Electrical, Electronics and Communication Engineering","Electronics and Communication Engineering","UG","Electronics and Communication Engineering","251FA05041","Vivaan","Kishore","Pawar","","vivaan.pawar641k@vignan.ac.in","9970000641","Student#963"
"School of Electrical, Electronics and Communication Engineering","Electronics and Communication Engineering","UG","Electronics and Communication Engineering","251FA05042","Aditya","Babu","More","","aditya.more642k@vignan.ac.in","9970000642","Student#963"
"School of Electrical, Electronics and Communication Engineering","Electronics and Communication Engineering","UG","Electronics and Communication Engineering","251FA05043","Vihaan","","Chowdhary","","vihaan.chowdhary643k@vignan.ac.in","9970000643","Student#963"
"School of Electrical, Electronics and Communication Engineering","Electronics and Communication Engineering","UG","Electronics and Communication Engineering","251FA05044","Arjun","","Gupta","","arjun.gupta644k@vignan.ac.in","9970000644","Student#963"
"School of Electrical, Electronics and Communication Engineering","Electronics and Communication Engineering","UG","Electronics and Communication Engineering","251FA05045","Sai","","Iyer","","sai.iyer645k@vignan.ac.in","9970000645","Student#963"
"School of Electrical, Electronics and Communication Engineering","Electronics and Communication Engineering","UG","Electronics and Communication Engineering","251FA05046","Reyansh","","Bose","","reyansh.bose646k@vignan.ac.in","9970000646","Student#963"
"School of Electrical, Electronics and Communication Engineering","Electronics and Communication Engineering","UG","Electronics and Communication Engineering","251FA05047","Ayaan","Kumar","Shukla","","ayaan.shukla647k@vignan.ac.in","9970000647","Student#963"
"School of Electrical, Electronics and Communication Engineering","Electronics and Communication Engineering","UG","Electronics and Communication Engineering","251FA05048","Krishna","Chandra","Rathore","","krishna.rathore648k@vignan.ac.in","9970000648","Student#963"
"School of Electrical, Electronics and Communication Engineering","Electronics and Communication Engineering","UG","Electronics and Communication Engineering","251FA05049","Ishaan","Prasad","Jadhav","","ishaan.jadhav649k@vignan.ac.in","9970000649","Student#963"
"School of Electrical, Electronics and Communication Engineering","Electronics and Communication Engineering","UG","Electronics and Communication Engineering","251FA05050","Shaurya","Raj","Reddy","","shaurya.reddy650k@vignan.ac.in","9970000650","Student#963"
"School of Electrical, Electronics and Communication Engineering","Electronics and Communication Engineering","UG","Electronics and Communication Engineering","251FA05051","Atharva","Venkata","Verma","","atharva.verma651k@vignan.ac.in","9970000651","Student#963"
"School of Electrical, Electronics and Communication Engineering","Electronics and Communication Engineering","UG","Electronics and Communication Engineering","251FA05052","Advik","Sri","Pillai","","advik.pillai652k@vignan.ac.in","9970000652","Student#963"
"School of Electrical, Electronics and Communication Engineering","Electronics and Communication Engineering","UG","Electronics and Communication Engineering","251FA05053","Pranav","Sai","Sen","","pranav.sen653k@vignan.ac.in","9970000653","Student#963"
"School of Electrical, Electronics and Communication Engineering","Electronics and Communication Engineering","UG","Electronics and Communication Engineering","251FA05054","Advaith","Mohan","Dubey","","advaith.dubey654k@vignan.ac.in","9970000654","Student#963"
"School of Electrical, Electronics and Communication Engineering","Electronics and Communication Engineering","UG","Electronics and Communication Engineering","251FA05055","Aaryan","Kishore","Thakur","","aaryan.thakur655k@vignan.ac.in","9970000655","Student#963"
"School of Electrical, Electronics and Communication Engineering","Electronics and Communication Engineering","UG","Electronics and Communication Engineering","251FA05056","Dhruv","Babu","Kulkarni","","dhruv.kulkarni656k@vignan.ac.in","9970000656","Student#963"
"School of Electrical, Electronics and Communication Engineering","Electronics and Communication Engineering","UG","Electronics and Communication Engineering","251FA05057","Kabir","","Salunkhe","","kabir.salunkhe657k@vignan.ac.in","9970000657","Student#963"
"School of Electrical, Electronics and Communication Engineering","Electronics and Communication Engineering","UG","Electronics and Communication Engineering","251FA05058","Ritvik","","Sharma","","ritvik.sharma658k@vignan.ac.in","9970000658","Student#963"
"School of Electrical, Electronics and Communication Engineering","Electronics and Communication Engineering","UG","Electronics and Communication Engineering","251FA05059","Darsh","","Nair","","darsh.nair659k@vignan.ac.in","9970000659","Student#963"
"School of Electrical, Electronics and Communication Engineering","Electronics and Communication Engineering","UG","Electronics and Communication Engineering","251FA05060","Ananya","","Mukherjee","","ananya.mukherjee660k@vignan.ac.in","9970000660","Student#963"
"School of Electrical, Electronics and Communication Engineering","Electronics and Communication Engineering","UG","Electronics and Communication Engineering","251FA05061","Diya","Kumar","Tiwari","","diya.tiwari661k@vignan.ac.in","9970000661","Student#963"
"School of Electrical, Electronics and Communication Engineering","Electronics and Communication Engineering","UG","Electronics and Communication Engineering","251FA05062","Saanvi","Chandra","Chauhan","","saanvi.chauhan662k@vignan.ac.in","9970000662","Student#963"
"School of Electrical, Electronics and Communication Engineering","Electronics and Communication Engineering","UG","Electronics and Communication Engineering","251FA05063","Aadhya","Prasad","Deshmukh","","aadhya.deshmukh663k@vignan.ac.in","9970000663","Student#963"
"School of Electrical, Electronics and Communication Engineering","Electronics and Communication Engineering","UG","Electronics and Communication Engineering","251FA05064","Pari","Raj","Sawant","","pari.sawant664k@vignan.ac.in","9970000664","Student#963"
"School of Electrical, Electronics and Communication Engineering","Electronics and Communication Engineering","UG","Electronics and Communication Engineering","251FA05065","Kiara","Venkata","Naidu","","kiara.naidu665k@vignan.ac.in","9970000665","Student#963"
"School of Electrical, Electronics and Communication Engineering","Electronics and Communication Engineering","UG","Electronics and Communication Engineering","251FA05066","Myra","Sri","Bhat","","myra.bhat666k@vignan.ac.in","9970000666","Student#963"
"School of Electrical, Electronics and Communication Engineering","Electronics and Communication Engineering","UG","Electronics and Communication Engineering","251FA05067","Riya","Sai","Chatterjee","","riya.chatterjee667k@vignan.ac.in","9970000667","Student#963"
"School of Electrical, Electronics and Communication Engineering","Electronics and Communication Engineering","UG","Electronics and Communication Engineering","251FA05068","Anushka","Mohan","Pandey","","anushka.pandey668k@vignan.ac.in","9970000668","Student#963"
"School of Electrical, Electronics and Communication Engineering","Electronics and Communication Engineering","UG","Electronics and Communication Engineering","251FA05069","Aarohi","Kishore","Yadav","","aarohi.yadav669k@vignan.ac.in","9970000669","Student#963"
"School of Electrical, Electronics and Communication Engineering","Electronics and Communication Engineering","UG","Electronics and Communication Engineering","251FA05070","Isha","Babu","Patil","","isha.patil670k@vignan.ac.in","9970000670","Student#963"
"School of Electrical, Electronics and Communication Engineering","Electronics and Communication Engineering","UG","Electronics and Communication Engineering","251FA05071","Navya","","Tamboli","","navya.tamboli671k@vignan.ac.in","9970000671","Student#963"
"School of Electrical, Electronics and Communication Engineering","Electronics and Communication Engineering","UG","Electronics and Communication Engineering","251FA05072","Avani","","Goud","","avani.goud672k@vignan.ac.in","9970000672","Student#963"
"School of Electrical, Electronics and Communication Engineering","Electronics and Communication Engineering","UG","Electronics and Communication Engineering","251FA05073","Tanvi","","Joshi","","tanvi.joshi673k@vignan.ac.in","9970000673","Student#963"
"School of Electrical, Electronics and Communication Engineering","Electronics and Communication Engineering","UG","Electronics and Communication Engineering","251FA05074","Shanaya","","Banerjee","","shanaya.banerjee674k@vignan.ac.in","9970000674","Student#963"
"School of Electrical, Electronics and Communication Engineering","Electronics and Communication Engineering","UG","Electronics and Communication Engineering","251FA05075","Pooja","Kumar","Mishra","","pooja.mishra675k@vignan.ac.in","9970000675","Student#963"
"School of Electrical, Electronics and Communication Engineering","Electronics and Communication Engineering","UG","Electronics and Communication Engineering","251FA05076","Sneha","Chandra","Singh","","sneha.singh676k@vignan.ac.in","9970000676","Student#963"
"School of Electrical, Electronics and Communication Engineering","Electronics and Communication Engineering","UG","Electronics and Communication Engineering","251FA05077","Kavya","Prasad","Shinde","","kavya.shinde677k@vignan.ac.in","9970000677","Student#963"
"School of Electrical, Electronics and Communication Engineering","Electronics and Communication Engineering","UG","Electronics and Communication Engineering","251FA05078","Bhavya","Raj","Gaikwad","","bhavya.gaikwad678k@vignan.ac.in","9970000678","Student#963"
"School of Electrical, Electronics and Communication Engineering","Electronics and Communication Engineering","UG","Electronics and Communication Engineering","251FA05079","Deepika","Venkata","Varma","","deepika.varma679k@vignan.ac.in","9970000679","Student#963"
"School of Electrical, Electronics and Communication Engineering","Electronics and Communication Engineering","UG","Electronics and Communication Engineering","251FA05080","Rohan","Sri","Mehta","","rohan.mehta680k@vignan.ac.in","9970000680","Student#963"
"School of Electrical, Electronics and Communication Engineering","Electronics and Communication Engineering","UG","Electronics and Communication Engineering","251FA05081","Rahul","Sai","Das","","rahul.das681k@vignan.ac.in","9970000681","Student#963"
"School of Electrical, Electronics and Communication Engineering","Electronics and Communication Engineering","UG","Electronics and Communication Engineering","251FA05082","Karthik","Mohan","Ghosh","","karthik.ghosh682k@vignan.ac.in","9970000682","Student#963"
"School of Electrical, Electronics and Communication Engineering","Electronics and Communication Engineering","UG","Electronics and Communication Engineering","251FA05083","Varun","Kishore","Prasad","","varun.prasad683k@vignan.ac.in","9970000683","Student#963"
"School of Electrical, Electronics and Communication Engineering","Electronics and Communication Engineering","UG","Electronics and Communication Engineering","251FA05084","Nikhil","Babu","Kadam","","nikhil.kadam684k@vignan.ac.in","9970000684","Student#963"
"School of Electrical, Electronics and Communication Engineering","Electronics and Communication Engineering","UG","Electronics and Communication Engineering","251FA05085","Sanjay","","Bhosale","","sanjay.bhosale685k@vignan.ac.in","9970000685","Student#963"
"School of Electrical, Electronics and Communication Engineering","Electronics and Communication Engineering","UG","Electronics and Communication Engineering","251FA05086","Vikram","","Rao","","vikram.rao686k@vignan.ac.in","9970000686","Student#963"
"School of Electrical, Electronics and Communication Engineering","Electronics and Communication Engineering","UG","Electronics and Communication Engineering","251FA05087","Harsh","","Patel","","harsh.patel687k@vignan.ac.in","9970000687","Student#963"
"School of Electrical, Electronics and Communication Engineering","Electronics and Communication Engineering","UG","Electronics and Communication Engineering","251FA05088","Abhishek","","Menon","","abhishek.menon688k@vignan.ac.in","9970000688","Student#963"
"School of Electrical, Electronics and Communication Engineering","Electronics and Communication Engineering","UG","Electronics and Communication Engineering","251FA05089","Manish","Kumar","Dutta","","manish.dutta689k@vignan.ac.in","9970000689","Student#963"
"School of Electrical, Electronics and Communication Engineering","Electronics and Communication Engineering","UG","Electronics and Communication Engineering","251FA05090","Praveen","Chandra","Kumar","","praveen.kumar690k@vignan.ac.in","9970000690","Student#963"
"School of Electrical, Electronics and Communication Engineering","Electronics and Communication Engineering","UG","Electronics and Communication Engineering","251FA05091","Suresh","Prasad","Pawar","","suresh.pawar691k@vignan.ac.in","9970000691","Student#963"
"School of Electrical, Electronics and Communication Engineering","Electronics and Communication Engineering","UG","Electronics and Communication Engineering","251FA05092","Ramesh","Raj","More","","ramesh.more692k@vignan.ac.in","9970000692","Student#963"
"School of Electrical, Electronics and Communication Engineering","Electronics and Communication Engineering","UG","Electronics and Communication Engineering","251FA05093","Naresh","Venkata","Chowdhary","","naresh.chowdhary693k@vignan.ac.in","9970000693","Student#963"
"School of Electrical, Electronics and Communication Engineering","Electronics and Communication Engineering","UG","Electronics and Communication Engineering","251FA05094","Ganesh","Sri","Gupta","","ganesh.gupta694k@vignan.ac.in","9970000694","Student#963"
"School of Electrical, Electronics and Communication Engineering","Electronics and Communication Engineering","UG","Electronics and Communication Engineering","251FA05095","Mahesh","Sai","Iyer","","mahesh.iyer695k@vignan.ac.in","9970000695","Student#963"
"School of Electrical, Electronics and Communication Engineering","Electronics and Communication Engineering","UG","Electronics and Communication Engineering","251FA05096","Dinesh","Mohan","Bose","","dinesh.bose696k@vignan.ac.in","9970000696","Student#963"
"School of Electrical, Electronics and Communication Engineering","Electronics and Communication Engineering","UG","Electronics and Communication Engineering","251FA05097","Rajesh","Kishore","Shukla","","rajesh.shukla697k@vignan.ac.in","9970000697","Student#963"
"School of Electrical, Electronics and Communication Engineering","Electronics and Communication Engineering","UG","Electronics and Communication Engineering","251FA05098","Kiran","Babu","Rathore","","kiran.rathore698k@vignan.ac.in","9970000698","Student#963"
"School of Electrical, Electronics and Communication Engineering","Electronics and Communication Engineering","UG","Electronics and Communication Engineering","251FA05099","Tarun","","Jadhav","","tarun.jadhav699k@vignan.ac.in","9970000699","Student#963"
"School of Electrical, Electronics and Communication Engineering","Electronics and Communication Engineering","UG","Electronics and Communication Engineering","251FA05100","Swathi","","Reddy","","swathi.reddy700k@vignan.ac.in","9970000700","Student#963"
"School of Electrical, Electronics and Communication Engineering","Electronics and Communication Engineering","UG","Electronics and Communication Engineering","251FA05101","Divya","","Verma","","divya.verma701k@vignan.ac.in","9970000701","Student#963"
"School of Electrical, Electronics and Communication Engineering","Electronics and Communication Engineering","UG","Electronics and Communication Engineering","251FA05102","Harini","","Pillai","","harini.pillai702k@vignan.ac.in","9970000702","Student#963"
"School of Electrical, Electronics and Communication Engineering","Electronics and Communication Engineering","UG","Electronics and Communication Engineering","251FA05103","Keerthi","Kumar","Sen","","keerthi.sen703k@vignan.ac.in","9970000703","Student#963"
"School of Electrical, Electronics and Communication Engineering","Electronics and Communication Engineering","UG","Electronics and Communication Engineering","251FA05104","Lavanya","Chandra","Dubey","","lavanya.dubey704k@vignan.ac.in","9970000704","Student#963"
"School of Electrical, Electronics and Communication Engineering","Electronics and Communication Engineering","UG","Electronics and Communication Engineering","251FA05105","Meghana","Prasad","Thakur","","meghana.thakur705k@vignan.ac.in","9970000705","Student#963"
"School of Electrical, Electronics and Communication Engineering","Electronics and Communication Engineering","UG","Electronics and Communication Engineering","251FA05106","Mounika","Raj","Kulkarni","","mounika.kulkarni706k@vignan.ac.in","9970000706","Student#963"
"School of Electrical, Electronics and Communication Engineering","Electronics and Communication Engineering","UG","Electronics and Communication Engineering","251FA05107","Nandini","Venkata","Salunkhe","","nandini.salunkhe707k@vignan.ac.in","9970000707","Student#963"
"School of Electrical, Electronics and Communication Engineering","Electronics and Communication Engineering","UG","Electronics and Communication Engineering","251FA05108","Pallavi","Sri","Sharma","","pallavi.sharma708k@vignan.ac.in","9970000708","Student#963"
"School of Electrical, Electronics and Communication Engineering","Electronics and Communication Engineering","UG","Electronics and Communication Engineering","251FA05109","Pavani","Sai","Nair","","pavani.nair709k@vignan.ac.in","9970000709","Student#963"
"School of Electrical, Electronics and Communication Engineering","Electronics and Communication Engineering","UG","Electronics and Communication Engineering","251FA05110","Pranathi","Mohan","Mukherjee","","pranathi.mukherjee710k@vignan.ac.in","9970000710","Student#963"
"School of Electrical, Electronics and Communication Engineering","Electronics and Communication Engineering","UG","Electronics and Communication Engineering","251FA05111","Ramya","Kishore","Tiwari","","ramya.tiwari711k@vignan.ac.in","9970000711","Student#963"
"School of Electrical, Electronics and Communication Engineering","Electronics and Communication Engineering","UG","Electronics and Communication Engineering","251FA05112","Sandhya","Babu","Chauhan","","sandhya.chauhan712k@vignan.ac.in","9970000712","Student#963"
"School of Electrical, Electronics and Communication Engineering","Electronics and Communication Engineering","UG","Electronics and Communication Engineering","251FA05113","Sirisha","","Deshmukh","","sirisha.deshmukh713k@vignan.ac.in","9970000713","Student#963"
"School of Electrical, Electronics and Communication Engineering","Electronics and Communication Engineering","UG","Electronics and Communication Engineering","251FA05114","Sowmya","","Sawant","","sowmya.sawant714k@vignan.ac.in","9970000714","Student#963"
"School of Electrical, Electronics and Communication Engineering","Electronics and Communication Engineering","UG","Electronics and Communication Engineering","251FA05115","Sravani","","Naidu","","sravani.naidu715k@vignan.ac.in","9970000715","Student#963"
"School of Electrical, Electronics and Communication Engineering","Electronics and Communication Engineering","UG","Electronics and Communication Engineering","251FA05116","Srinu","","Bhat","","srinu.bhat716k@vignan.ac.in","9970000716","Student#963"
"School of Electrical, Electronics and Communication Engineering","Electronics and Communication Engineering","UG","Electronics and Communication Engineering","251FA05117","Tejaswi","Kumar","Chatterjee","","tejaswi.chatterjee717k@vignan.ac.in","9970000717","Student#963"
"School of Electrical, Electronics and Communication Engineering","Electronics and Communication Engineering","UG","Electronics and Communication Engineering","251FA05118","Vaishnavi","Chandra","Pandey","","vaishnavi.pandey718k@vignan.ac.in","9970000718","Student#963"
"School of Electrical, Electronics and Communication Engineering","Electronics and Communication Engineering","UG","Electronics and Communication Engineering","251FA05119","Yamini","Prasad","Yadav","","yamini.yadav719k@vignan.ac.in","9970000719","Student#963"
"School of Electrical, Electronics and Communication Engineering","Electronics and Communication Engineering","UG","Electronics and Communication Engineering","251FA05120","Aarav","Raj","Patil","","aarav.patil720k@vignan.ac.in","9970000720","Student#963"
"School of Electrical, Electronics and Communication Engineering","Electronics and Communication Engineering","UG","Electronics and Communication Engineering","251FA05121","Vivaan","Venkata","Tamboli","","vivaan.tamboli721k@vignan.ac.in","9970000721","Student#963"
"School of Electrical, Electronics and Communication Engineering","Electronics and Communication Engineering","UG","Electronics and Communication Engineering","251FA05122","Aditya","Sri","Goud","","aditya.goud722k@vignan.ac.in","9970000722","Student#963"
"School of Electrical, Electronics and Communication Engineering","Electronics and Communication Engineering","UG","Electronics and Communication Engineering","251FA05123","Vihaan","Sai","Joshi","","vihaan.joshi723k@vignan.ac.in","9970000723","Student#963"
"School of Electrical, Electronics and Communication Engineering","Electronics and Communication Engineering","UG","Electronics and Communication Engineering","251FA05124","Arjun","Mohan","Banerjee","","arjun.banerjee724k@vignan.ac.in","9970000724","Student#963"
"School of Electrical, Electronics and Communication Engineering","Electronics and Communication Engineering","UG","Electronics and Communication Engineering","251FA05125","Sai","Kishore","Mishra","","sai.mishra725k@vignan.ac.in","9970000725","Student#963"
"School of Electrical, Electronics and Communication Engineering","Electronics and Communication Engineering","UG","Electronics and Communication Engineering","251FA05126","Reyansh","Babu","Singh","","reyansh.singh726k@vignan.ac.in","9970000726","Student#963"
"School of Electrical, Electronics and Communication Engineering","Electronics and Communication Engineering","UG","Electronics and Communication Engineering","251FA05127","Ayaan","","Shinde","","ayaan.shinde727k@vignan.ac.in","9970000727","Student#963"
"School of Electrical, Electronics and Communication Engineering","Electronics and Communication Engineering","UG","Electronics and Communication Engineering","251FA05128","Krishna","","Gaikwad","","krishna.gaikwad728k@vignan.ac.in","9970000728","Student#963"
"School of Electrical, Electronics and Communication Engineering","Electronics and Communication Engineering","UG","Electronics and Communication Engineering","251FA05129","Ishaan","","Varma","","ishaan.varma729k@vignan.ac.in","9970000729","Student#963"
"School of Electrical, Electronics and Communication Engineering","Electronics and Communication Engineering","UG","Electronics and Communication Engineering","251FA05130","Shaurya","","Mehta","","shaurya.mehta730k@vignan.ac.in","9970000730","Student#963"
"School of Electrical, Electronics and Communication Engineering","Electronics and Communication Engineering","UG","Electronics and Communication Engineering","251FA05131","Atharva","Kumar","Das","","atharva.das731k@vignan.ac.in","9970000731","Student#963"
"School of Electrical, Electronics and Communication Engineering","Electronics and Communication Engineering","UG","Electronics and Communication Engineering","251FA05132","Advik","Chandra","Ghosh","","advik.ghosh732k@vignan.ac.in","9970000732","Student#963"
"School of Electrical, Electronics and Communication Engineering","Electronics and Communication Engineering","UG","Electronics and Communication Engineering","251FA05133","Pranav","Prasad","Prasad","","pranav.prasad733k@vignan.ac.in","9970000733","Student#963"
"School of Electrical, Electronics and Communication Engineering","Electronics and Communication Engineering","UG","Electronics and Communication Engineering","251FA05134","Advaith","Raj","Kadam","","advaith.kadam734k@vignan.ac.in","9970000734","Student#963"
"School of Electrical, Electronics and Communication Engineering","Electronics and Communication Engineering","UG","Electronics and Communication Engineering","251FA05135","Aaryan","Venkata","Bhosale","","aaryan.bhosale735k@vignan.ac.in","9970000735","Student#963"
"School of Electrical, Electronics and Communication Engineering","Electronics and Communication Engineering","UG","Electronics and Communication Engineering","251FA05136","Dhruv","Sri","Rao","","dhruv.rao736k@vignan.ac.in","9970000736","Student#963"
"School of Electrical, Electronics and Communication Engineering","Electronics and Communication Engineering","UG","Electronics and Communication Engineering","251FA05137","Kabir","Sai","Patel","","kabir.patel737k@vignan.ac.in","9970000737","Student#963"
"School of Electrical, Electronics and Communication Engineering","Electronics and Communication Engineering","UG","Electronics and Communication Engineering","251FA05138","Ritvik","Mohan","Menon","","ritvik.menon738k@vignan.ac.in","9970000738","Student#963"
"School of Electrical, Electronics and Communication Engineering","Electronics and Communication Engineering","UG","Electronics and Communication Engineering","251FA05139","Darsh","Kishore","Dutta","","darsh.dutta739k@vignan.ac.in","9970000739","Student#963"
"School of Electrical, Electronics and Communication Engineering","Electronics and Communication Engineering","UG","Electronics and Communication Engineering","251FA05140","Ananya","Babu","Kumar","","ananya.kumar740k@vignan.ac.in","9970000740","Student#963"
"School of Electrical, Electronics and Communication Engineering","Electronics and Communication Engineering","UG","Electronics and Communication Engineering","251FA05141","Diya","","Pawar","","diya.pawar741k@vignan.ac.in","9970000741","Student#963"
"School of Electrical, Electronics and Communication Engineering","Electronics and Communication Engineering","UG","Electronics and Communication Engineering","251FA05142","Saanvi","","More","","saanvi.more742k@vignan.ac.in","9970000742","Student#963"
"School of Electrical, Electronics and Communication Engineering","Electronics and Communication Engineering","UG","Electronics and Communication Engineering","251FA05143","Aadhya","","Chowdhary","","aadhya.chowdhary743k@vignan.ac.in","9970000743","Student#963"
"School of Electrical, Electronics and Communication Engineering","Electronics and Communication Engineering","UG","Electronics and Communication Engineering","251FA05144","Pari","","Gupta","","pari.gupta744k@vignan.ac.in","9970000744","Student#963"
"School of Electrical, Electronics and Communication Engineering","Electronics and Communication Engineering","UG","Electronics and Communication Engineering","251FA05145","Kiara","Kumar","Iyer","","kiara.iyer745k@vignan.ac.in","9970000745","Student#963"
"School of Electrical, Electronics and Communication Engineering","Electronics and Communication Engineering","UG","Electronics and Communication Engineering","251FA05146","Myra","Chandra","Bose","","myra.bose746k@vignan.ac.in","9970000746","Student#963"
"School of Electrical, Electronics and Communication Engineering","Electronics and Communication Engineering","UG","Electronics and Communication Engineering","251FA05147","Riya","Prasad","Shukla","","riya.shukla747k@vignan.ac.in","9970000747","Student#963"
"School of Electrical, Electronics and Communication Engineering","Electronics and Communication Engineering","UG","Electronics and Communication Engineering","251FA05148","Anushka","Raj","Rathore","","anushka.rathore748k@vignan.ac.in","9970000748","Student#963"
"School of Electrical, Electronics and Communication Engineering","Electronics and Communication Engineering","UG","Electronics and Communication Engineering","251FA05149","Aarohi","Venkata","Jadhav","","aarohi.jadhav749k@vignan.ac.in","9970000749","Student#963"
"School of Electrical, Electronics and Communication Engineering","Electronics and Communication Engineering","UG","Electronics and Communication Engineering","251FA05150","Isha","Sri","Reddy","","isha.reddy750k@vignan.ac.in","9970000750","Student#963"
"School of Electrical, Electronics and Communication Engineering","Electronics and Communication Engineering","UG","Electronics and Communication Engineering","251FA05151","Navya","Sai","Verma","","navya.verma751k@vignan.ac.in","9970000751","Student#963"
"School of Electrical, Electronics and Communication Engineering","Electronics and Communication Engineering","UG","Electronics and Communication Engineering","251FA05152","Avani","Mohan","Pillai","","avani.pillai752k@vignan.ac.in","9970000752","Student#963"
"School of Electrical, Electronics and Communication Engineering","Electronics and Communication Engineering","UG","Electronics and Communication Engineering","251FA05153","Tanvi","Kishore","Sen","","tanvi.sen753k@vignan.ac.in","9970000753","Student#963"
"School of Electrical, Electronics and Communication Engineering","Electronics and Communication Engineering","UG","Electronics and Communication Engineering","251FA05154","Shanaya","Babu","Dubey","","shanaya.dubey754k@vignan.ac.in","9970000754","Student#963"
"School of Electrical, Electronics and Communication Engineering","Electronics and Communication Engineering","UG","Electronics and Communication Engineering","251FA05155","Pooja","","Thakur","","pooja.thakur755k@vignan.ac.in","9970000755","Student#963"
"School of Electrical, Electronics and Communication Engineering","Electronics and Communication Engineering","UG","Electronics and Communication Engineering","251FA05156","Sneha","","Kulkarni","","sneha.kulkarni756k@vignan.ac.in","9970000756","Student#963"
"School of Electrical, Electronics and Communication Engineering","Electronics and Communication Engineering","UG","Electronics and Communication Engineering","251FA05157","Kavya","","Salunkhe","","kavya.salunkhe757k@vignan.ac.in","9970000757","Student#963"
"School of Electrical, Electronics and Communication Engineering","Electronics and Communication Engineering","UG","Electronics and Communication Engineering","251FA05158","Bhavya","","Sharma","","bhavya.sharma758k@vignan.ac.in","9970000758","Student#963"
"School of Electrical, Electronics and Communication Engineering","Electronics and Communication Engineering","UG","Electronics and Communication Engineering","251FA05159","Deepika","Kumar","Nair","","deepika.nair759k@vignan.ac.in","9970000759","Student#963"
"School of Electrical, Electronics and Communication Engineering","Electronics and Communication Engineering","UG","Electronics and Communication Engineering","251FA05160","Rohan","Chandra","Mukherjee","","rohan.mukherjee760k@vignan.ac.in","9970000760","Student#963"
"School of Electrical, Electronics and Communication Engineering","Electronics and Communication Engineering","UG","Electronics and Communication Engineering","251FA05161","Rahul","Prasad","Tiwari","","rahul.tiwari761k@vignan.ac.in","9970000761","Student#963"
"School of Electrical, Electronics and Communication Engineering","Electronics and Communication Engineering","UG","Electronics and Communication Engineering","251FA05162","Karthik","Raj","Chauhan","","karthik.chauhan762k@vignan.ac.in","9970000762","Student#963"
"School of Electrical, Electronics and Communication Engineering","Electronics and Communication Engineering","UG","Electronics and Communication Engineering","251FA05163","Varun","Venkata","Deshmukh","","varun.deshmukh763k@vignan.ac.in","9970000763","Student#963"
"School of Electrical, Electronics and Communication Engineering","Electronics and Communication Engineering","UG","Electronics and Communication Engineering","251FA05164","Nikhil","Sri","Sawant","","nikhil.sawant764k@vignan.ac.in","9970000764","Student#963"
"School of Electrical, Electronics and Communication Engineering","Electronics and Communication Engineering","UG","Electronics and Communication Engineering","251FA05165","Sanjay","Sai","Naidu","","sanjay.naidu765k@vignan.ac.in","9970000765","Student#963"
"School of Electrical, Electronics and Communication Engineering","Electronics and Communication Engineering","UG","Electronics and Communication Engineering","251FA05166","Vikram","Mohan","Bhat","","vikram.bhat766k@vignan.ac.in","9970000766","Student#963"
"School of Electrical, Electronics and Communication Engineering","Electronics and Communication Engineering","UG","Electronics and Communication Engineering","251FA05167","Harsh","Kishore","Chatterjee","","harsh.chatterjee767k@vignan.ac.in","9970000767","Student#963"
"School of Electrical, Electronics and Communication Engineering","Electronics and Communication Engineering","UG","Electronics and Communication Engineering","251FA05168","Abhishek","Babu","Pandey","","abhishek.pandey768k@vignan.ac.in","9970000768","Student#963"
"School of Electrical, Electronics and Communication Engineering","Electronics and Communication Engineering","UG","Electronics and Communication Engineering","251FA05169","Manish","","Yadav","","manish.yadav769k@vignan.ac.in","9970000769","Student#963"
"School of Electrical, Electronics and Communication Engineering","Electronics and Communication Engineering","UG","Electronics and Communication Engineering","251FA05170","Praveen","","Patil","","praveen.patil770k@vignan.ac.in","9970000770","Student#963"
"School of Electrical, Electronics and Communication Engineering","Electronics and Communication Engineering","UG","Electronics and Communication Engineering","251FA05171","Suresh","","Tamboli","","suresh.tamboli771k@vignan.ac.in","9970000771","Student#963"
"School of Electrical, Electronics and Communication Engineering","Electronics and Communication Engineering","UG","Electronics and Communication Engineering","251FA05172","Ramesh","","Goud","","ramesh.goud772k@vignan.ac.in","9970000772","Student#963"
"School of Electrical, Electronics and Communication Engineering","Electronics and Communication Engineering","UG","Electronics and Communication Engineering","251FA05173","Naresh","Kumar","Joshi","","naresh.joshi773k@vignan.ac.in","9970000773","Student#963"
"School of Electrical, Electronics and Communication Engineering","Electronics and Communication Engineering","UG","Electronics and Communication Engineering","251FA05174","Ganesh","Chandra","Banerjee","","ganesh.banerjee774k@vignan.ac.in","9970000774","Student#963"
"School of Electrical, Electronics and Communication Engineering","Electronics and Communication Engineering","UG","Electronics and Communication Engineering","251FA05175","Mahesh","Prasad","Mishra","","mahesh.mishra775k@vignan.ac.in","9970000775","Student#963"
"School of Electrical, Electronics and Communication Engineering","Electronics and Communication Engineering","UG","Electronics and Communication Engineering","251FA05176","Dinesh","Raj","Singh","","dinesh.singh776k@vignan.ac.in","9970000776","Student#963"
"School of Electrical, Electronics and Communication Engineering","Electronics and Communication Engineering","UG","Electronics and Communication Engineering","251FA05177","Rajesh","Venkata","Shinde","","rajesh.shinde777k@vignan.ac.in","9970000777","Student#963"
"School of Electrical, Electronics and Communication Engineering","Electronics and Communication Engineering","UG","Electronics and Communication Engineering","251FA05178","Kiran","Sri","Gaikwad","","kiran.gaikwad778k@vignan.ac.in","9970000778","Student#963"
"School of Electrical, Electronics and Communication Engineering","Electronics and Communication Engineering","UG","Electronics and Communication Engineering","251FA05179","Tarun","Sai","Varma","","tarun.varma779k@vignan.ac.in","9970000779","Student#963"
"School of Electrical, Electronics and Communication Engineering","Electronics and Communication Engineering","UG","Electronics and Communication Engineering","251FA05180","Swathi","Mohan","Mehta","","swathi.mehta780k@vignan.ac.in","9970000780","Student#963"
"School of Electrical, Electronics and Communication Engineering","Electronics and Communication Engineering","UG","Electronics and Communication Engineering","251FA05181","Divya","Kishore","Das","","divya.das781k@vignan.ac.in","9970000781","Student#963"
"School of Electrical, Electronics and Communication Engineering","Electronics and Communication Engineering","UG","Electronics and Communication Engineering","251FA05182","Harini","Babu","Ghosh","","harini.ghosh782k@vignan.ac.in","9970000782","Student#963"
"School of Electrical, Electronics and Communication Engineering","Electronics and Communication Engineering","UG","Electronics and Communication Engineering","251FA05183","Keerthi","","Prasad","","keerthi.prasad783k@vignan.ac.in","9970000783","Student#963"
"School of Electrical, Electronics and Communication Engineering","Electronics and Communication Engineering","UG","Electronics and Communication Engineering","251FA05184","Lavanya","","Kadam","","lavanya.kadam784k@vignan.ac.in","9970000784","Student#963"
"School of Electrical, Electronics and Communication Engineering","Electronics and Communication Engineering","UG","Electronics and Communication Engineering","251FA05185","Meghana","","Bhosale","","meghana.bhosale785k@vignan.ac.in","9970000785","Student#963"
"School of Electrical, Electronics and Communication Engineering","Electronics and Communication Engineering","UG","Electronics and Communication Engineering","251FA05186","Mounika","","Rao","","mounika.rao786k@vignan.ac.in","9970000786","Student#963"
"School of Electrical, Electronics and Communication Engineering","Electronics and Communication Engineering","UG","Electronics and Communication Engineering","251FA05187","Nandini","Kumar","Patel","","nandini.patel787k@vignan.ac.in","9970000787","Student#963"
"School of Electrical, Electronics and Communication Engineering","Electronics and Communication Engineering","UG","Electronics and Communication Engineering","251FA05188","Pallavi","Chandra","Menon","","pallavi.menon788k@vignan.ac.in","9970000788","Student#963"
"School of Electrical, Electronics and Communication Engineering","Electronics and Communication Engineering","UG","Electronics and Communication Engineering","251FA05189","Pavani","Prasad","Dutta","","pavani.dutta789k@vignan.ac.in","9970000789","Student#963"
"School of Electrical, Electronics and Communication Engineering","Electronics and Communication Engineering","UG","Electronics and Communication Engineering","251FA05190","Pranathi","Raj","Kumar","","pranathi.kumar790k@vignan.ac.in","9970000790","Student#963"
"School of Electrical, Electronics and Communication Engineering","Electronics and Communication Engineering","UG","Electronics and Communication Engineering","251FA05191","Ramya","Venkata","Pawar","","ramya.pawar791k@vignan.ac.in","9970000791","Student#963"
"School of Electrical, Electronics and Communication Engineering","Electronics and Communication Engineering","UG","Electronics and Communication Engineering","251FA05192","Sandhya","Sri","More","","sandhya.more792k@vignan.ac.in","9970000792","Student#963"
"School of Electrical, Electronics and Communication Engineering","Electronics and Communication Engineering","UG","Electronics and Communication Engineering","251FA05193","Sirisha","Sai","Chowdhary","","sirisha.chowdhary793k@vignan.ac.in","9970000793","Student#963"
"School of Electrical, Electronics and Communication Engineering","Electronics and Communication Engineering","UG","Electronics and Communication Engineering","251FA05194","Sowmya","Mohan","Gupta","","sowmya.gupta794k@vignan.ac.in","9970000794","Student#963"
"School of Electrical, Electronics and Communication Engineering","Electronics and Communication Engineering","UG","Electronics and Communication Engineering","251FA05195","Sravani","Kishore","Iyer","","sravani.iyer795k@vignan.ac.in","9970000795","Student#963"
"School of Electrical, Electronics and Communication Engineering","Electronics and Communication Engineering","UG","Electronics and Communication Engineering","251FA05196","Srinu","Babu","Bose","","srinu.bose796k@vignan.ac.in","9970000796","Student#963"
"School of Electrical, Electronics and Communication Engineering","Electronics and Communication Engineering","UG","Electronics and Communication Engineering","251FA05197","Tejaswi","","Shukla","","tejaswi.shukla797k@vignan.ac.in","9970000797","Student#963"
"School of Electrical, Electronics and Communication Engineering","Electronics and Communication Engineering","UG","Electronics and Communication Engineering","251FA05198","Vaishnavi","","Rathore","","vaishnavi.rathore798k@vignan.ac.in","9970000798","Student#963"
"School of Electrical, Electronics and Communication Engineering","Electronics and Communication Engineering","UG","Electronics and Communication Engineering","251FA05199","Yamini","","Jadhav","","yamini.jadhav799k@vignan.ac.in","9970000799","Student#963"
"School of Electrical, Electronics and Communication Engineering","Electronics and Communication Engineering","UG","Electronics and Communication Engineering","251FA05200","Aarav","","Reddy","","aarav.reddy800k@vignan.ac.in","9970000800","Student#963"
"School of Biotechnology and Pharmaceutical Sciences","Biotechnology","UG","Biotechnology","251FA01001","Vivaan","Kumar","Verma","","vivaan.verma801k@vignan.ac.in","9970000801","Student#963"
"School of Biotechnology and Pharmaceutical Sciences","Biotechnology","UG","Biotechnology","251FA01002","Aditya","Chandra","Pillai","","aditya.pillai802k@vignan.ac.in","9970000802","Student#963"
"School of Biotechnology and Pharmaceutical Sciences","Biotechnology","UG","Biotechnology","251FA01003","Vihaan","Prasad","Sen","","vihaan.sen803k@vignan.ac.in","9970000803","Student#963"
"School of Biotechnology and Pharmaceutical Sciences","Biotechnology","UG","Biotechnology","251FA01004","Arjun","Raj","Dubey","","arjun.dubey804k@vignan.ac.in","9970000804","Student#963"
"School of Biotechnology and Pharmaceutical Sciences","Biotechnology","UG","Biotechnology","251FA01005","Sai","Venkata","Thakur","","sai.thakur805k@vignan.ac.in","9970000805","Student#963"
"School of Biotechnology and Pharmaceutical Sciences","Biotechnology","UG","Biotechnology","251FA01006","Reyansh","Sri","Kulkarni","","reyansh.kulkarni806k@vignan.ac.in","9970000806","Student#963"
"School of Biotechnology and Pharmaceutical Sciences","Biotechnology","UG","Biotechnology","251FA01007","Ayaan","Sai","Salunkhe","","ayaan.salunkhe807k@vignan.ac.in","9970000807","Student#963"
"School of Biotechnology and Pharmaceutical Sciences","Biotechnology","UG","Biotechnology","251FA01008","Krishna","Mohan","Sharma","","krishna.sharma808k@vignan.ac.in","9970000808","Student#963"
"School of Biotechnology and Pharmaceutical Sciences","Biotechnology","UG","Biotechnology","251FA01009","Ishaan","Kishore","Nair","","ishaan.nair809k@vignan.ac.in","9970000809","Student#963"
"School of Biotechnology and Pharmaceutical Sciences","Biotechnology","UG","Biotechnology","251FA01010","Shaurya","Babu","Mukherjee","","shaurya.mukherjee810k@vignan.ac.in","9970000810","Student#963"
"School of Biotechnology and Pharmaceutical Sciences","Biotechnology","UG","Biotechnology","251FA01011","Atharva","","Tiwari","","atharva.tiwari811k@vignan.ac.in","9970000811","Student#963"
"School of Biotechnology and Pharmaceutical Sciences","Biotechnology","UG","Biotechnology","251FA01012","Advik","","Chauhan","","advik.chauhan812k@vignan.ac.in","9970000812","Student#963"
"School of Biotechnology and Pharmaceutical Sciences","Biotechnology","UG","Biotechnology","251FA01013","Pranav","","Deshmukh","","pranav.deshmukh813k@vignan.ac.in","9970000813","Student#963"
"School of Biotechnology and Pharmaceutical Sciences","Biotechnology","UG","Biotechnology","251FA01014","Advaith","","Sawant","","advaith.sawant814k@vignan.ac.in","9970000814","Student#963"
"School of Biotechnology and Pharmaceutical Sciences","Biotechnology","UG","Biotechnology","251FA01015","Aaryan","Kumar","Naidu","","aaryan.naidu815k@vignan.ac.in","9970000815","Student#963"
"School of Biotechnology and Pharmaceutical Sciences","Biotechnology","UG","Biotechnology","251FA01016","Dhruv","Chandra","Bhat","","dhruv.bhat816k@vignan.ac.in","9970000816","Student#963"
"School of Biotechnology and Pharmaceutical Sciences","Biotechnology","UG","Biotechnology","251FA01017","Kabir","Prasad","Chatterjee","","kabir.chatterjee817k@vignan.ac.in","9970000817","Student#963"
"School of Biotechnology and Pharmaceutical Sciences","Biotechnology","UG","Biotechnology","251FA01018","Ritvik","Raj","Pandey","","ritvik.pandey818k@vignan.ac.in","9970000818","Student#963"
"School of Biotechnology and Pharmaceutical Sciences","Biotechnology","UG","Biotechnology","251FA01019","Darsh","Venkata","Yadav","","darsh.yadav819k@vignan.ac.in","9970000819","Student#963"
"School of Biotechnology and Pharmaceutical Sciences","Biotechnology","UG","Biotechnology","251FA01020","Ananya","Sri","Patil","","ananya.patil820k@vignan.ac.in","9970000820","Student#963"
"School of Biotechnology and Pharmaceutical Sciences","Biotechnology","UG","Biotechnology","251FA01021","Diya","Sai","Tamboli","","diya.tamboli821k@vignan.ac.in","9970000821","Student#963"
"School of Biotechnology and Pharmaceutical Sciences","Biotechnology","UG","Biotechnology","251FA01022","Saanvi","Mohan","Goud","","saanvi.goud822k@vignan.ac.in","9970000822","Student#963"
"School of Biotechnology and Pharmaceutical Sciences","Biotechnology","UG","Biotechnology","251FA01023","Aadhya","Kishore","Joshi","","aadhya.joshi823k@vignan.ac.in","9970000823","Student#963"
"School of Biotechnology and Pharmaceutical Sciences","Biotechnology","UG","Biotechnology","251FA01024","Pari","Babu","Banerjee","","pari.banerjee824k@vignan.ac.in","9970000824","Student#963"
"School of Biotechnology and Pharmaceutical Sciences","Biotechnology","UG","Biotechnology","251FA01025","Kiara","","Mishra","","kiara.mishra825k@vignan.ac.in","9970000825","Student#963"
"School of Biotechnology and Pharmaceutical Sciences","Biotechnology","UG","Biotechnology","251FA01026","Myra","","Singh","","myra.singh826k@vignan.ac.in","9970000826","Student#963"
"School of Biotechnology and Pharmaceutical Sciences","Biotechnology","UG","Biotechnology","251FA01027","Riya","","Shinde","","riya.shinde827k@vignan.ac.in","9970000827","Student#963"
"School of Biotechnology and Pharmaceutical Sciences","Biotechnology","UG","Biotechnology","251FA01028","Anushka","","Gaikwad","","anushka.gaikwad828k@vignan.ac.in","9970000828","Student#963"
"School of Biotechnology and Pharmaceutical Sciences","Biotechnology","UG","Biotechnology","251FA01029","Aarohi","Kumar","Varma","","aarohi.varma829k@vignan.ac.in","9970000829","Student#963"
"School of Biotechnology and Pharmaceutical Sciences","Biotechnology","UG","Biotechnology","251FA01030","Isha","Chandra","Mehta","","isha.mehta830k@vignan.ac.in","9970000830","Student#963"
"School of Biotechnology and Pharmaceutical Sciences","Biotechnology","UG","Biotechnology","251FA01031","Navya","Prasad","Das","","navya.das831k@vignan.ac.in","9970000831","Student#963"
"School of Biotechnology and Pharmaceutical Sciences","Biotechnology","UG","Biotechnology","251FA01032","Avani","Raj","Ghosh","","avani.ghosh832k@vignan.ac.in","9970000832","Student#963"
"School of Biotechnology and Pharmaceutical Sciences","Biotechnology","UG","Biotechnology","251FA01033","Tanvi","Venkata","Prasad","","tanvi.prasad833k@vignan.ac.in","9970000833","Student#963"
"School of Biotechnology and Pharmaceutical Sciences","Biotechnology","UG","Biotechnology","251FA01034","Shanaya","Sri","Kadam","","shanaya.kadam834k@vignan.ac.in","9970000834","Student#963"
"School of Biotechnology and Pharmaceutical Sciences","Biotechnology","UG","Biotechnology","251FA01035","Pooja","Sai","Bhosale","","pooja.bhosale835k@vignan.ac.in","9970000835","Student#963"
"School of Biotechnology and Pharmaceutical Sciences","Biotechnology","UG","Biotechnology","251FA01036","Sneha","Mohan","Rao","","sneha.rao836k@vignan.ac.in","9970000836","Student#963"
"School of Biotechnology and Pharmaceutical Sciences","Biotechnology","UG","Biotechnology","251FA01037","Kavya","Kishore","Patel","","kavya.patel837k@vignan.ac.in","9970000837","Student#963"
"School of Biotechnology and Pharmaceutical Sciences","Biotechnology","UG","Biotechnology","251FA01038","Bhavya","Babu","Menon","","bhavya.menon838k@vignan.ac.in","9970000838","Student#963"
"School of Biotechnology and Pharmaceutical Sciences","Biotechnology","UG","Biotechnology","251FA01039","Deepika","","Dutta","","deepika.dutta839k@vignan.ac.in","9970000839","Student#963"
"School of Biotechnology and Pharmaceutical Sciences","Biotechnology","UG","Biotechnology","251FA01040","Rohan","","Kumar","","rohan.kumar840k@vignan.ac.in","9970000840","Student#963"
"School of Biotechnology and Pharmaceutical Sciences","Biotechnology","UG","Biotechnology","251FA01041","Rahul","","Pawar","","rahul.pawar841k@vignan.ac.in","9970000841","Student#963"
"School of Biotechnology and Pharmaceutical Sciences","Biotechnology","UG","Biotechnology","251FA01042","Karthik","","More","","karthik.more842k@vignan.ac.in","9970000842","Student#963"
"School of Biotechnology and Pharmaceutical Sciences","Biotechnology","UG","Biotechnology","251FA01043","Varun","Kumar","Chowdhary","","varun.chowdhary843k@vignan.ac.in","9970000843","Student#963"
"School of Biotechnology and Pharmaceutical Sciences","Biotechnology","UG","Biotechnology","251FA01044","Nikhil","Chandra","Gupta","","nikhil.gupta844k@vignan.ac.in","9970000844","Student#963"
"School of Biotechnology and Pharmaceutical Sciences","Biotechnology","UG","Biotechnology","251FA01045","Sanjay","Prasad","Iyer","","sanjay.iyer845k@vignan.ac.in","9970000845","Student#963"
"School of Biotechnology and Pharmaceutical Sciences","Biotechnology","UG","Biotechnology","251FA01046","Vikram","Raj","Bose","","vikram.bose846k@vignan.ac.in","9970000846","Student#963"
"School of Biotechnology and Pharmaceutical Sciences","Biotechnology","UG","Biotechnology","251FA01047","Harsh","Venkata","Shukla","","harsh.shukla847k@vignan.ac.in","9970000847","Student#963"
"School of Biotechnology and Pharmaceutical Sciences","Biotechnology","UG","Biotechnology","251FA01048","Abhishek","Sri","Rathore","","abhishek.rathore848k@vignan.ac.in","9970000848","Student#963"
"School of Biotechnology and Pharmaceutical Sciences","Biotechnology","UG","Biotechnology","251FA01049","Manish","Sai","Jadhav","","manish.jadhav849k@vignan.ac.in","9970000849","Student#963"
"School of Biotechnology and Pharmaceutical Sciences","Biotechnology","UG","Biotechnology","251FA01050","Praveen","Mohan","Reddy","","praveen.reddy850k@vignan.ac.in","9970000850","Student#963"
"School of Biotechnology and Pharmaceutical Sciences","Biotechnology","UG","Biotechnology","251FA01051","Suresh","Kishore","Verma","","suresh.verma851k@vignan.ac.in","9970000851","Student#963"
"School of Biotechnology and Pharmaceutical Sciences","Biotechnology","UG","Biotechnology","251FA01052","Ramesh","Babu","Pillai","","ramesh.pillai852k@vignan.ac.in","9970000852","Student#963"
"School of Biotechnology and Pharmaceutical Sciences","Biotechnology","UG","Biotechnology","251FA01053","Naresh","","Sen","","naresh.sen853k@vignan.ac.in","9970000853","Student#963"
"School of Biotechnology and Pharmaceutical Sciences","Biotechnology","UG","Biotechnology","251FA01054","Ganesh","","Dubey","","ganesh.dubey854k@vignan.ac.in","9970000854","Student#963"
"School of Biotechnology and Pharmaceutical Sciences","Biotechnology","UG","Biotechnology","251FA01055","Mahesh","","Thakur","","mahesh.thakur855k@vignan.ac.in","9970000855","Student#963"
"School of Biotechnology and Pharmaceutical Sciences","Biotechnology","UG","Biotechnology","251FA01056","Dinesh","","Kulkarni","","dinesh.kulkarni856k@vignan.ac.in","9970000856","Student#963"
"School of Biotechnology and Pharmaceutical Sciences","Biotechnology","UG","Biotechnology","251FA01057","Rajesh","Kumar","Salunkhe","","rajesh.salunkhe857k@vignan.ac.in","9970000857","Student#963"
"School of Biotechnology and Pharmaceutical Sciences","Biotechnology","UG","Biotechnology","251FA01058","Kiran","Chandra","Sharma","","kiran.sharma858k@vignan.ac.in","9970000858","Student#963"
"School of Biotechnology and Pharmaceutical Sciences","Biotechnology","UG","Biotechnology","251FA01059","Tarun","Prasad","Nair","","tarun.nair859k@vignan.ac.in","9970000859","Student#963"
"School of Biotechnology and Pharmaceutical Sciences","Biotechnology","UG","Biotechnology","251FA01060","Swathi","Raj","Mukherjee","","swathi.mukherjee860k@vignan.ac.in","9970000860","Student#963"
"School of Biotechnology and Pharmaceutical Sciences","Biotechnology","UG","Biotechnology","251FA01061","Divya","Venkata","Tiwari","","divya.tiwari861k@vignan.ac.in","9970000861","Student#963"
"School of Biotechnology and Pharmaceutical Sciences","Biotechnology","UG","Biotechnology","251FA01062","Harini","Sri","Chauhan","","harini.chauhan862k@vignan.ac.in","9970000862","Student#963"
"School of Biotechnology and Pharmaceutical Sciences","Biotechnology","UG","Biotechnology","251FA01063","Keerthi","Sai","Deshmukh","","keerthi.deshmukh863k@vignan.ac.in","9970000863","Student#963"
"School of Biotechnology and Pharmaceutical Sciences","Biotechnology","UG","Biotechnology","251FA01064","Lavanya","Mohan","Sawant","","lavanya.sawant864k@vignan.ac.in","9970000864","Student#963"
"School of Biotechnology and Pharmaceutical Sciences","Biotechnology","UG","Biotechnology","251FA01065","Meghana","Kishore","Naidu","","meghana.naidu865k@vignan.ac.in","9970000865","Student#963"
"School of Biotechnology and Pharmaceutical Sciences","Biotechnology","UG","Biotechnology","251FA01066","Mounika","Babu","Bhat","","mounika.bhat866k@vignan.ac.in","9970000866","Student#963"
"School of Biotechnology and Pharmaceutical Sciences","Biotechnology","UG","Biotechnology","251FA01067","Nandini","","Chatterjee","","nandini.chatterjee867k@vignan.ac.in","9970000867","Student#963"
"School of Biotechnology and Pharmaceutical Sciences","Biotechnology","UG","Biotechnology","251FA01068","Pallavi","","Pandey","","pallavi.pandey868k@vignan.ac.in","9970000868","Student#963"
"School of Biotechnology and Pharmaceutical Sciences","Biotechnology","UG","Biotechnology","251FA01069","Pavani","","Yadav","","pavani.yadav869k@vignan.ac.in","9970000869","Student#963"
"School of Biotechnology and Pharmaceutical Sciences","Biotechnology","UG","Biotechnology","251FA01070","Pranathi","","Patil","","pranathi.patil870k@vignan.ac.in","9970000870","Student#963"
"School of Biotechnology and Pharmaceutical Sciences","Biotechnology","UG","Biotechnology","251FA01071","Ramya","Kumar","Tamboli","","ramya.tamboli871k@vignan.ac.in","9970000871","Student#963"
"School of Biotechnology and Pharmaceutical Sciences","Biotechnology","UG","Biotechnology","251FA01072","Sandhya","Chandra","Goud","","sandhya.goud872k@vignan.ac.in","9970000872","Student#963"
"School of Biotechnology and Pharmaceutical Sciences","Biotechnology","UG","Biotechnology","251FA01073","Sirisha","Prasad","Joshi","","sirisha.joshi873k@vignan.ac.in","9970000873","Student#963"
"School of Biotechnology and Pharmaceutical Sciences","Biotechnology","UG","Biotechnology","251FA01074","Sowmya","Raj","Banerjee","","sowmya.banerjee874k@vignan.ac.in","9970000874","Student#963"
"School of Biotechnology and Pharmaceutical Sciences","Biotechnology","UG","Biotechnology","251FA01075","Sravani","Venkata","Mishra","","sravani.mishra875k@vignan.ac.in","9970000875","Student#963"
"School of Biotechnology and Pharmaceutical Sciences","Biotechnology","UG","Biotechnology","251FA01076","Srinu","Sri","Singh","","srinu.singh876k@vignan.ac.in","9970000876","Student#963"
"School of Biotechnology and Pharmaceutical Sciences","Biotechnology","UG","Biotechnology","251FA01077","Tejaswi","Sai","Shinde","","tejaswi.shinde877k@vignan.ac.in","9970000877","Student#963"
"School of Biotechnology and Pharmaceutical Sciences","Biotechnology","UG","Biotechnology","251FA01078","Vaishnavi","Mohan","Gaikwad","","vaishnavi.gaikwad878k@vignan.ac.in","9970000878","Student#963"
"School of Biotechnology and Pharmaceutical Sciences","Biotechnology","UG","Biotechnology","251FA01079","Yamini","Kishore","Varma","","yamini.varma879k@vignan.ac.in","9970000879","Student#963"
"School of Biotechnology and Pharmaceutical Sciences","Biotechnology","UG","Biotechnology","251FA01080","Aarav","Babu","Mehta","","aarav.mehta880k@vignan.ac.in","9970000880","Student#963"
"School of Biotechnology and Pharmaceutical Sciences","Biotechnology","UG","Biotechnology","251FA01081","Vivaan","","Das","","vivaan.das881k@vignan.ac.in","9970000881","Student#963"
"School of Biotechnology and Pharmaceutical Sciences","Biotechnology","UG","Biotechnology","251FA01082","Aditya","","Ghosh","","aditya.ghosh882k@vignan.ac.in","9970000882","Student#963"
"School of Biotechnology and Pharmaceutical Sciences","Biotechnology","UG","Biotechnology","251FA01083","Vihaan","","Prasad","","vihaan.prasad883k@vignan.ac.in","9970000883","Student#963"
"School of Biotechnology and Pharmaceutical Sciences","Biotechnology","UG","Biotechnology","251FA01084","Arjun","","Kadam","","arjun.kadam884k@vignan.ac.in","9970000884","Student#963"
"School of Biotechnology and Pharmaceutical Sciences","Biotechnology","UG","Biotechnology","251FA01085","Sai","Kumar","Bhosale","","sai.bhosale885k@vignan.ac.in","9970000885","Student#963"
"School of Biotechnology and Pharmaceutical Sciences","Biotechnology","UG","Biotechnology","251FA01086","Reyansh","Chandra","Rao","","reyansh.rao886k@vignan.ac.in","9970000886","Student#963"
"School of Biotechnology and Pharmaceutical Sciences","Biotechnology","UG","Biotechnology","251FA01087","Ayaan","Prasad","Patel","","ayaan.patel887k@vignan.ac.in","9970000887","Student#963"
"School of Biotechnology and Pharmaceutical Sciences","Biotechnology","UG","Biotechnology","251FA01088","Krishna","Raj","Menon","","krishna.menon888k@vignan.ac.in","9970000888","Student#963"
"School of Biotechnology and Pharmaceutical Sciences","Biotechnology","UG","Biotechnology","251FA01089","Ishaan","Venkata","Dutta","","ishaan.dutta889k@vignan.ac.in","9970000889","Student#963"
"School of Biotechnology and Pharmaceutical Sciences","Biotechnology","UG","Biotechnology","251FA01090","Shaurya","Sri","Kumar","","shaurya.kumar890k@vignan.ac.in","9970000890","Student#963"
"School of Biotechnology and Pharmaceutical Sciences","Biotechnology","UG","Biotechnology","251FA01091","Atharva","Sai","Pawar","","atharva.pawar891k@vignan.ac.in","9970000891","Student#963"
"School of Biotechnology and Pharmaceutical Sciences","Biotechnology","UG","Biotechnology","251FA01092","Advik","Mohan","More","","advik.more892k@vignan.ac.in","9970000892","Student#963"
"School of Biotechnology and Pharmaceutical Sciences","Biotechnology","UG","Biotechnology","251FA01093","Pranav","Kishore","Chowdhary","","pranav.chowdhary893k@vignan.ac.in","9970000893","Student#963"
"School of Biotechnology and Pharmaceutical Sciences","Biotechnology","UG","Biotechnology","251FA01094","Advaith","Babu","Gupta","","advaith.gupta894k@vignan.ac.in","9970000894","Student#963"
"School of Biotechnology and Pharmaceutical Sciences","Biotechnology","UG","Biotechnology","251FA01095","Aaryan","","Iyer","","aaryan.iyer895k@vignan.ac.in","9970000895","Student#963"
"School of Biotechnology and Pharmaceutical Sciences","Biotechnology","UG","Biotechnology","251FA01096","Dhruv","","Bose","","dhruv.bose896k@vignan.ac.in","9970000896","Student#963"
"School of Biotechnology and Pharmaceutical Sciences","Biotechnology","UG","Biotechnology","251FA01097","Kabir","","Shukla","","kabir.shukla897k@vignan.ac.in","9970000897","Student#963"
"School of Biotechnology and Pharmaceutical Sciences","Biotechnology","UG","Biotechnology","251FA01098","Ritvik","","Rathore","","ritvik.rathore898k@vignan.ac.in","9970000898","Student#963"
"School of Biotechnology and Pharmaceutical Sciences","Biotechnology","UG","Biotechnology","251FA01099","Darsh","Kumar","Jadhav","","darsh.jadhav899k@vignan.ac.in","9970000899","Student#963"
"School of Biotechnology and Pharmaceutical Sciences","Biotechnology","UG","Biotechnology","251FA01100","Ananya","Chandra","Reddy","","ananya.reddy900k@vignan.ac.in","9970000900","Student#963"
"School of Computing and Informatics","Computer Applications","PG","Master of Computer Applications","251FD01001","Diya","Prasad","Verma","","diya.verma901k@vignan.ac.in","9970000901","Student#963"
"School of Computing and Informatics","Computer Applications","PG","Master of Computer Applications","251FD01002","Saanvi","Raj","Pillai","","saanvi.pillai902k@vignan.ac.in","9970000902","Student#963"
"School of Computing and Informatics","Computer Applications","PG","Master of Computer Applications","251FD01003","Aadhya","Venkata","Sen","","aadhya.sen903k@vignan.ac.in","9970000903","Student#963"
"School of Computing and Informatics","Computer Applications","PG","Master of Computer Applications","251FD01004","Pari","Sri","Dubey","","pari.dubey904k@vignan.ac.in","9970000904","Student#963"
"School of Computing and Informatics","Computer Applications","PG","Master of Computer Applications","251FD01005","Kiara","Sai","Thakur","","kiara.thakur905k@vignan.ac.in","9970000905","Student#963"
"School of Computing and Informatics","Computer Applications","PG","Master of Computer Applications","251FD01006","Myra","Mohan","Kulkarni","","myra.kulkarni906k@vignan.ac.in","9970000906","Student#963"
"School of Computing and Informatics","Computer Applications","PG","Master of Computer Applications","251FD01007","Riya","Kishore","Salunkhe","","riya.salunkhe907k@vignan.ac.in","9970000907","Student#963"
"School of Computing and Informatics","Computer Applications","PG","Master of Computer Applications","251FD01008","Anushka","Babu","Sharma","","anushka.sharma908k@vignan.ac.in","9970000908","Student#963"
"School of Computing and Informatics","Computer Applications","PG","Master of Computer Applications","251FD01009","Aarohi","","Nair","","aarohi.nair909k@vignan.ac.in","9970000909","Student#963"
"School of Computing and Informatics","Computer Applications","PG","Master of Computer Applications","251FD01010","Isha","","Mukherjee","","isha.mukherjee910k@vignan.ac.in","9970000910","Student#963"
"School of Computing and Informatics","Computer Applications","PG","Master of Computer Applications","251FD01011","Navya","","Tiwari","","navya.tiwari911k@vignan.ac.in","9970000911","Student#963"
"School of Computing and Informatics","Computer Applications","PG","Master of Computer Applications","251FD01012","Avani","","Chauhan","","avani.chauhan912k@vignan.ac.in","9970000912","Student#963"
"School of Computing and Informatics","Computer Applications","PG","Master of Computer Applications","251FD01013","Tanvi","Kumar","Deshmukh","","tanvi.deshmukh913k@vignan.ac.in","9970000913","Student#963"
"School of Computing and Informatics","Computer Applications","PG","Master of Computer Applications","251FD01014","Shanaya","Chandra","Sawant","","shanaya.sawant914k@vignan.ac.in","9970000914","Student#963"
"School of Computing and Informatics","Computer Applications","PG","Master of Computer Applications","251FD01015","Pooja","Prasad","Naidu","","pooja.naidu915k@vignan.ac.in","9970000915","Student#963"
"School of Computing and Informatics","Computer Applications","PG","Master of Computer Applications","251FD01016","Sneha","Raj","Bhat","","sneha.bhat916k@vignan.ac.in","9970000916","Student#963"
"School of Computing and Informatics","Computer Applications","PG","Master of Computer Applications","251FD01017","Kavya","Venkata","Chatterjee","","kavya.chatterjee917k@vignan.ac.in","9970000917","Student#963"
"School of Computing and Informatics","Computer Applications","PG","Master of Computer Applications","251FD01018","Bhavya","Sri","Pandey","","bhavya.pandey918k@vignan.ac.in","9970000918","Student#963"
"School of Computing and Informatics","Computer Applications","PG","Master of Computer Applications","251FD01019","Deepika","Sai","Yadav","","deepika.yadav919k@vignan.ac.in","9970000919","Student#963"
"School of Computing and Informatics","Computer Applications","PG","Master of Computer Applications","251FD01020","Rohan","Mohan","Patil","","rohan.patil920k@vignan.ac.in","9970000920","Student#963"
"School of Computing and Informatics","Computer Applications","PG","Master of Computer Applications","251FD01021","Rahul","Kishore","Tamboli","","rahul.tamboli921k@vignan.ac.in","9970000921","Student#963"
"School of Computing and Informatics","Computer Applications","PG","Master of Computer Applications","251FD01022","Karthik","Babu","Goud","","karthik.goud922k@vignan.ac.in","9970000922","Student#963"
"School of Computing and Informatics","Computer Applications","PG","Master of Computer Applications","251FD01023","Varun","","Joshi","","varun.joshi923k@vignan.ac.in","9970000923","Student#963"
"School of Computing and Informatics","Computer Applications","PG","Master of Computer Applications","251FD01024","Nikhil","","Banerjee","","nikhil.banerjee924k@vignan.ac.in","9970000924","Student#963"
"School of Computing and Informatics","Computer Applications","PG","Master of Computer Applications","251FD01025","Sanjay","","Mishra","","sanjay.mishra925k@vignan.ac.in","9970000925","Student#963"
"School of Computing and Informatics","Computer Applications","PG","Master of Computer Applications","251FD01026","Vikram","","Singh","","vikram.singh926k@vignan.ac.in","9970000926","Student#963"
"School of Computing and Informatics","Computer Applications","PG","Master of Computer Applications","251FD01027","Harsh","Kumar","Shinde","","harsh.shinde927k@vignan.ac.in","9970000927","Student#963"
"School of Computing and Informatics","Computer Applications","PG","Master of Computer Applications","251FD01028","Abhishek","Chandra","Gaikwad","","abhishek.gaikwad928k@vignan.ac.in","9970000928","Student#963"
"School of Computing and Informatics","Computer Applications","PG","Master of Computer Applications","251FD01029","Manish","Prasad","Varma","","manish.varma929k@vignan.ac.in","9970000929","Student#963"
"School of Computing and Informatics","Computer Applications","PG","Master of Computer Applications","251FD01030","Praveen","Raj","Mehta","","praveen.mehta930k@vignan.ac.in","9970000930","Student#963"
"School of Computing and Informatics","Computer Applications","PG","Master of Computer Applications","251FD01031","Suresh","Venkata","Das","","suresh.das931k@vignan.ac.in","9970000931","Student#963"
"School of Computing and Informatics","Computer Applications","PG","Master of Computer Applications","251FD01032","Ramesh","Sri","Ghosh","","ramesh.ghosh932k@vignan.ac.in","9970000932","Student#963"
"School of Computing and Informatics","Computer Applications","PG","Master of Computer Applications","251FD01033","Naresh","Sai","Prasad","","naresh.prasad933k@vignan.ac.in","9970000933","Student#963"
"School of Computing and Informatics","Computer Applications","PG","Master of Computer Applications","251FD01034","Ganesh","Mohan","Kadam","","ganesh.kadam934k@vignan.ac.in","9970000934","Student#963"
"School of Computing and Informatics","Computer Applications","PG","Master of Computer Applications","251FD01035","Mahesh","Kishore","Bhosale","","mahesh.bhosale935k@vignan.ac.in","9970000935","Student#963"
"School of Computing and Informatics","Computer Applications","PG","Master of Computer Applications","251FD01036","Dinesh","Babu","Rao","","dinesh.rao936k@vignan.ac.in","9970000936","Student#963"
"School of Computing and Informatics","Computer Applications","PG","Master of Computer Applications","251FD01037","Rajesh","","Patel","","rajesh.patel937k@vignan.ac.in","9970000937","Student#963"
"School of Computing and Informatics","Computer Applications","PG","Master of Computer Applications","251FD01038","Kiran","","Menon","","kiran.menon938k@vignan.ac.in","9970000938","Student#963"
"School of Computing and Informatics","Computer Applications","PG","Master of Computer Applications","251FD01039","Tarun","","Dutta","","tarun.dutta939k@vignan.ac.in","9970000939","Student#963"
"School of Computing and Informatics","Computer Applications","PG","Master of Computer Applications","251FD01040","Swathi","","Kumar","","swathi.kumar940k@vignan.ac.in","9970000940","Student#963"
"School of Computing and Informatics","Computer Applications","PG","Master of Computer Applications","251FD01041","Divya","Kumar","Pawar","","divya.pawar941k@vignan.ac.in","9970000941","Student#963"
"School of Computing and Informatics","Computer Applications","PG","Master of Computer Applications","251FD01042","Harini","Chandra","More","","harini.more942k@vignan.ac.in","9970000942","Student#963"
"School of Computing and Informatics","Computer Applications","PG","Master of Computer Applications","251FD01043","Keerthi","Prasad","Chowdhary","","keerthi.chowdhary943k@vignan.ac.in","9970000943","Student#963"
"School of Computing and Informatics","Computer Applications","PG","Master of Computer Applications","251FD01044","Lavanya","Raj","Gupta","","lavanya.gupta944k@vignan.ac.in","9970000944","Student#963"
"School of Computing and Informatics","Computer Applications","PG","Master of Computer Applications","251FD01045","Meghana","Venkata","Iyer","","meghana.iyer945k@vignan.ac.in","9970000945","Student#963"
"School of Computing and Informatics","Computer Applications","PG","Master of Computer Applications","251FD01046","Mounika","Sri","Bose","","mounika.bose946k@vignan.ac.in","9970000946","Student#963"
"School of Computing and Informatics","Computer Applications","PG","Master of Computer Applications","251FD01047","Nandini","Sai","Shukla","","nandini.shukla947k@vignan.ac.in","9970000947","Student#963"
"School of Computing and Informatics","Computer Applications","PG","Master of Computer Applications","251FD01048","Pallavi","Mohan","Rathore","","pallavi.rathore948k@vignan.ac.in","9970000948","Student#963"
"School of Computing and Informatics","Computer Applications","PG","Master of Computer Applications","251FD01049","Pavani","Kishore","Jadhav","","pavani.jadhav949k@vignan.ac.in","9970000949","Student#963"
"School of Computing and Informatics","Computer Applications","PG","Master of Computer Applications","251FD01050","Pranathi","Babu","Reddy","","pranathi.reddy950k@vignan.ac.in","9970000950","Student#963"
"School of Computing and Informatics","Computer Applications","PG","Master of Computer Applications","251FD01051","Ramya","","Verma","","ramya.verma951k@vignan.ac.in","9970000951","Student#963"
"School of Computing and Informatics","Computer Applications","PG","Master of Computer Applications","251FD01052","Sandhya","","Pillai","","sandhya.pillai952k@vignan.ac.in","9970000952","Student#963"
"School of Computing and Informatics","Computer Applications","PG","Master of Computer Applications","251FD01053","Sirisha","","Sen","","sirisha.sen953k@vignan.ac.in","9970000953","Student#963"
"School of Computing and Informatics","Computer Applications","PG","Master of Computer Applications","251FD01054","Sowmya","","Dubey","","sowmya.dubey954k@vignan.ac.in","9970000954","Student#963"
"School of Computing and Informatics","Computer Applications","PG","Master of Computer Applications","251FD01055","Sravani","Kumar","Thakur","","sravani.thakur955k@vignan.ac.in","9970000955","Student#963"
"School of Computing and Informatics","Computer Applications","PG","Master of Computer Applications","251FD01056","Srinu","Chandra","Kulkarni","","srinu.kulkarni956k@vignan.ac.in","9970000956","Student#963"
"School of Computing and Informatics","Computer Applications","PG","Master of Computer Applications","251FD01057","Tejaswi","Prasad","Salunkhe","","tejaswi.salunkhe957k@vignan.ac.in","9970000957","Student#963"
"School of Computing and Informatics","Computer Applications","PG","Master of Computer Applications","251FD01058","Vaishnavi","Raj","Sharma","","vaishnavi.sharma958k@vignan.ac.in","9970000958","Student#963"
"School of Computing and Informatics","Computer Applications","PG","Master of Computer Applications","251FD01059","Yamini","Venkata","Nair","","yamini.nair959k@vignan.ac.in","9970000959","Student#963"
"School of Computing and Informatics","Computer Applications","PG","Master of Computer Applications","251FD01060","Aarav","Sri","Mukherjee","","aarav.mukherjee960k@vignan.ac.in","9970000960","Student#963"
"School of Computing and Informatics","Computer Applications","PG","Master of Computer Applications","251FD01061","Vivaan","Sai","Tiwari","","vivaan.tiwari961k@vignan.ac.in","9970000961","Student#963"
"School of Computing and Informatics","Computer Applications","PG","Master of Computer Applications","251FD01062","Aditya","Mohan","Chauhan","","aditya.chauhan962k@vignan.ac.in","9970000962","Student#963"
"School of Computing and Informatics","Computer Applications","PG","Master of Computer Applications","251FD01063","Vihaan","Kishore","Deshmukh","","vihaan.deshmukh963k@vignan.ac.in","9970000963","Student#963"
"School of Computing and Informatics","Computer Applications","PG","Master of Computer Applications","251FD01064","Arjun","Babu","Sawant","","arjun.sawant964k@vignan.ac.in","9970000964","Student#963"
"School of Computing and Informatics","Computer Applications","PG","Master of Computer Applications","251FD01065","Sai","","Naidu","","sai.naidu965k@vignan.ac.in","9970000965","Student#963"
"School of Computing and Informatics","Computer Applications","PG","Master of Computer Applications","251FD01066","Reyansh","","Bhat","","reyansh.bhat966k@vignan.ac.in","9970000966","Student#963"
"School of Computing and Informatics","Computer Applications","PG","Master of Computer Applications","251FD01067","Ayaan","","Chatterjee","","ayaan.chatterjee967k@vignan.ac.in","9970000967","Student#963"
"School of Computing and Informatics","Computer Applications","PG","Master of Computer Applications","251FD01068","Krishna","","Pandey","","krishna.pandey968k@vignan.ac.in","9970000968","Student#963"
"School of Computing and Informatics","Computer Applications","PG","Master of Computer Applications","251FD01069","Ishaan","Kumar","Yadav","","ishaan.yadav969k@vignan.ac.in","9970000969","Student#963"
"School of Computing and Informatics","Computer Applications","PG","Master of Computer Applications","251FD01070","Shaurya","Chandra","Patil","","shaurya.patil970k@vignan.ac.in","9970000970","Student#963"
"School of Computing and Informatics","Computer Applications","PG","Master of Computer Applications","251FD01071","Atharva","Prasad","Tamboli","","atharva.tamboli971k@vignan.ac.in","9970000971","Student#963"
"School of Computing and Informatics","Computer Applications","PG","Master of Computer Applications","251FD01072","Advik","Raj","Goud","","advik.goud972k@vignan.ac.in","9970000972","Student#963"
"School of Computing and Informatics","Computer Applications","PG","Master of Computer Applications","251FD01073","Pranav","Venkata","Joshi","","pranav.joshi973k@vignan.ac.in","9970000973","Student#963"
"School of Computing and Informatics","Computer Applications","PG","Master of Computer Applications","251FD01074","Advaith","Sri","Banerjee","","advaith.banerjee974k@vignan.ac.in","9970000974","Student#963"
"School of Computing and Informatics","Computer Applications","PG","Master of Computer Applications","251FD01075","Aaryan","Sai","Mishra","","aaryan.mishra975k@vignan.ac.in","9970000975","Student#963"
"School of Computing and Informatics","Computer Applications","PG","Master of Computer Applications","251FD01076","Dhruv","Mohan","Singh","","dhruv.singh976k@vignan.ac.in","9970000976","Student#963"
"School of Computing and Informatics","Computer Applications","PG","Master of Computer Applications","251FD01077","Kabir","Kishore","Shinde","","kabir.shinde977k@vignan.ac.in","9970000977","Student#963"
"School of Computing and Informatics","Computer Applications","PG","Master of Computer Applications","251FD01078","Ritvik","Babu","Gaikwad","","ritvik.gaikwad978k@vignan.ac.in","9970000978","Student#963"
"School of Computing and Informatics","Computer Applications","PG","Master of Computer Applications","251FD01079","Darsh","","Varma","","darsh.varma979k@vignan.ac.in","9970000979","Student#963"
"School of Computing and Informatics","Computer Applications","PG","Master of Computer Applications","251FD01080","Ananya","","Mehta","","ananya.mehta980k@vignan.ac.in","9970000980","Student#963"
"School of Computing and Informatics","Computer Applications","PG","Master of Computer Applications","251FD01081","Diya","","Das","","diya.das981k@vignan.ac.in","9970000981","Student#963"
"School of Computing and Informatics","Computer Applications","PG","Master of Computer Applications","251FD01082","Saanvi","","Ghosh","","saanvi.ghosh982k@vignan.ac.in","9970000982","Student#963"
"School of Computing and Informatics","Computer Applications","PG","Master of Computer Applications","251FD01083","Aadhya","Kumar","Prasad","","aadhya.prasad983k@vignan.ac.in","9970000983","Student#963"
"School of Computing and Informatics","Computer Applications","PG","Master of Computer Applications","251FD01084","Pari","Chandra","Kadam","","pari.kadam984k@vignan.ac.in","9970000984","Student#963"
"School of Computing and Informatics","Computer Applications","PG","Master of Computer Applications","251FD01085","Kiara","Prasad","Bhosale","","kiara.bhosale985k@vignan.ac.in","9970000985","Student#963"
"School of Computing and Informatics","Computer Applications","PG","Master of Computer Applications","251FD01086","Myra","Raj","Rao","","myra.rao986k@vignan.ac.in","9970000986","Student#963"
"School of Computing and Informatics","Computer Applications","PG","Master of Computer Applications","251FD01087","Riya","Venkata","Patel","","riya.patel987k@vignan.ac.in","9970000987","Student#963"
"School of Computing and Informatics","Computer Applications","PG","Master of Computer Applications","251FD01088","Anushka","Sri","Menon","","anushka.menon988k@vignan.ac.in","9970000988","Student#963"
"School of Computing and Informatics","Computer Applications","PG","Master of Computer Applications","251FD01089","Aarohi","Sai","Dutta","","aarohi.dutta989k@vignan.ac.in","9970000989","Student#963"
"School of Computing and Informatics","Computer Applications","PG","Master of Computer Applications","251FD01090","Isha","Mohan","Kumar","","isha.kumar990k@vignan.ac.in","9970000990","Student#963"
"School of Computing and Informatics","Computer Applications","PG","Master of Computer Applications","251FD01091","Navya","Kishore","Pawar","","navya.pawar991k@vignan.ac.in","9970000991","Student#963"
"School of Computing and Informatics","Computer Applications","PG","Master of Computer Applications","251FD01092","Avani","Babu","More","","avani.more992k@vignan.ac.in","9970000992","Student#963"
"School of Computing and Informatics","Computer Applications","PG","Master of Computer Applications","251FD01093","Tanvi","","Chowdhary","","tanvi.chowdhary993k@vignan.ac.in","9970000993","Student#963"
"School of Computing and Informatics","Computer Applications","PG","Master of Computer Applications","251FD01094","Shanaya","","Gupta","","shanaya.gupta994k@vignan.ac.in","9970000994","Student#963"
"School of Computing and Informatics","Computer Applications","PG","Master of Computer Applications","251FD01095","Pooja","","Iyer","","pooja.iyer995k@vignan.ac.in","9970000995","Student#963"
"School of Computing and Informatics","Computer Applications","PG","Master of Computer Applications","251FD01096","Sneha","","Bose","","sneha.bose996k@vignan.ac.in","9970000996","Student#963"
"School of Computing and Informatics","Computer Applications","PG","Master of Computer Applications","251FD01097","Kavya","Kumar","Shukla","","kavya.shukla997k@vignan.ac.in","9970000997","Student#963"
"School of Computing and Informatics","Computer Applications","PG","Master of Computer Applications","251FD01098","Bhavya","Chandra","Rathore","","bhavya.rathore998k@vignan.ac.in","9970000998","Student#963"
"School of Computing and Informatics","Computer Applications","PG","Master of Computer Applications","251FD01099","Deepika","Prasad","Jadhav","","deepika.jadhav999k@vignan.ac.in","9970000999","Student#963"
"School of Computing and Informatics","Computer Applications","PG","Master of Computer Applications","251FD01100","Rohan","Raj","Reddy","","rohan.reddy1000k@vignan.ac.in","9970001000","Student#963"
