"school","department","level","program","register_number","firstname","middlename","lastname","photo","email","mobile_number","password"
"School of Computing and Informatics","Computer Science & Engineering","UG","Computer Science & Engineering","251FA04001","Vivaan","","Verma","","vivaan.verma1@vignan.ac.in","9980000001","Student#963"
"School of Computing and Informatics","Computer Science & Engineering","UG","Computer Science & Engineering","251FA04002","Aditya","","Pillai","","aditya.pillai2@vignan.ac.in","9980000002","Student#963"
"School of Computing and Informatics","Computer Science & Engineering","UG","Computer Science & Engineering","251FA04003","Vihaan","Kumar","Sen","","vihaan.sen3@vignan.ac.in","9980000003","Student#963"
"School of Computing and Informatics","Computer Science & Engineering","UG","Computer Science & Engineering","251FA04004","Arjun","Chandra","Dubey","","arjun.dubey4@vignan.ac.in","9980000004","Student#963"
"School of Computing and Informatics","Computer Science & Engineering","UG","Computer Science & Engineering","251FA04005","Sai","Prasad","Thakur","","sai.thakur5@vignan.ac.in","9980000005","Student#963"
"School of Computing and Informatics","Computer Science & Engineering","UG","Computer Science & Engineering","251FA04006","Reyansh","Raj","Kulkarni","","reyansh.kulkarni6@vignan.ac.in","9980000006","Student#963"
"School of Computing and Informatics","Computer Science & Engineering","UG","Computer Science & Engineering","251FA04007","Ayaan","Venkata","Salunkhe","","ayaan.salunkhe7@vignan.ac.in","9980000007","Student#963"
"School of Computing and Informatics","Computer Science & Engineering","UG","Computer Science & Engineering","251FA04008","Krishna","Sri","Sharma","","krishna.sharma8@vignan.ac.in","9980000008","Student#963"
"School of Computing and Informatics","Computer Science & Engineering","UG","Computer Science & Engineering","251FA04009","Ishaan","Sai","Nair","","ishaan.nair9@vignan.ac.in","9980000009","Student#963"
"School of Computing and Informatics","Computer Science & Engineering","UG","Computer Science & Engineering","251FA04010","Shaurya","Mohan","Mukherjee","","shaurya.mukherjee10@vignan.ac.in","9980000010","Student#963"
"School of Computing and Informatics","Computer Science & Engineering","UG","Computer Science & Engineering","251FA04011","Atharva","Kishore","Tiwari","","atharva.tiwari11@vignan.ac.in","9980000011","Student#963"
"School of Computing and Informatics","Computer Science & Engineering","UG","Computer Science & Engineering","251FA04012","Advik","Babu","Chauhan","","advik.chauhan12@vignan.ac.in","9980000012","Student#963"
"School of Computing and Informatics","Computer Science & Engineering","UG","Computer Science & Engineering","251FA04013","Pranav","","Deshmukh","","pranav.deshmukh13@vignan.ac.in","9980000013","Student#963"
"School of Computing and Informatics","Computer Science & Engineering","UG","Computer Science & Engineering","251FA04014","Advaith","","Sawant","","advaith.sawant14@vignan.ac.in","9980000014","Student#963"
"School of Computing and Informatics","Computer Science & Engineering","UG","Computer Science & Engineering","251FA04015","Aaryan","","Naidu","","aaryan.naidu15@vignan.ac.in","9980000015","Student#963"
"School of Computing and Informatics","Computer Science & Engineering","UG","Computer Science & Engineering","251FA04016","Dhruv","","Bhat","","dhruv.bhat16@vignan.ac.in","9980000016","Student#963"
"School of Computing and Informatics","Computer Science & Engineering","UG","Computer Science & Engineering","251FA04017","Kabir","Kumar","Chatterjee","","kabir.chatterjee17@vignan.ac.in","9980000017","Student#963"
"School of Computing and Informatics","Computer Science & Engineering","UG","Computer Science & Engineering","251FA04018","Ritvik","Chandra","Pandey","","ritvik.pandey18@vignan.ac.in","9980000018","Student#963"
"School of Computing and Informatics","Computer Science & Engineering","UG","Computer Science & Engineering","251FA04019","Darsh","Prasad","Yadav","","darsh.yadav19@vignan.ac.in","9980000019","Student#963"
"School of Computing and Informatics","Computer Science & Engineering","UG","Computer Science & Engineering","251FA04020","Ananya","Raj","Patil","","ananya.patil20@vignan.ac.in","9980000020","Student#963"
"School of Computing and Informatics","Computer Science & Engineering","UG","Computer Science & Engineering","251FA04021","Diya","Venkata","Tamboli","","diya.tamboli21@vignan.ac.in","9980000021","Student#963"
"School of Computing and Informatics","Computer Science & Engineering","UG","Computer Science & Engineering","251FA04022","Saanvi","Sri","Goud","","saanvi.goud22@vignan.ac.in","9980000022","Student#963"
"School of Computing and Informatics","Computer Science & Engineering","UG","Computer Science & Engineering","251FA04023","Aadhya","Sai","Joshi","","aadhya.joshi23@vignan.ac.in","9980000023","Student#963"
"School of Computing and Informatics","Computer Science & Engineering","UG","Computer Science & Engineering","251FA04024","Pari","Mohan","Banerjee","","pari.banerjee24@vignan.ac.in","9980000024","Student#963"
"School of Computing and Informatics","Computer Science & Engineering","UG","Computer Science & Engineering","251FA04025","Kiara","Kishore","Mishra","","kiara.mishra25@vignan.ac.in","9980000025","Student#963"
"School of Computing and Informatics","Computer Science & Engineering","UG","Computer Science & Engineering","251FA04026","Myra","Babu","Singh","","myra.singh26@vignan.ac.in","9980000026","Student#963"
"School of Computing and Informatics","Computer Science & Engineering","UG","Computer Science & Engineering","251FA04027","Riya","","Shinde","","riya.shinde27@vignan.ac.in","9980000027","Student#963"
"School of Computing and Informatics","Computer Science & Engineering","UG","Computer Science & Engineering","251FA04028","Anushka","","Gaikwad","","anushka.gaikwad28@vignan.ac.in","9980000028","Student#963"
"School of Computing and Informatics","Computer Science & Engineering","UG","Computer Science & Engineering","251FA04029","Aarohi","","Varma","","aarohi.varma29@vignan.ac.in","9980000029","Student#963"
"School of Computing and Informatics","Computer Science & Engineering","UG","Computer Science & Engineering","251FA04030","Isha","","Mehta","","isha.mehta30@vignan.ac.in","9980000030","Student#963"
"School of Computing and Informatics","Computer Science & Engineering","UG","Computer Science & Engineering","251FA04031","Navya","Kumar","Das","","navya.das31@vignan.ac.in","9980000031","Student#963"
"School of Computing and Informatics","Computer Science & Engineering","UG","Computer Science & Engineering","251FA04032","Avani","Chandra","Ghosh","","avani.ghosh32@vignan.ac.in","9980000032","Student#963"
"School of Computing and Informatics","Computer Science & Engineering","UG","Computer Science & Engineering","251FA04033","Tanvi","Prasad","Prasad","","tanvi.prasad33@vignan.ac.in","9980000033","Student#963"
"School of Computing and Informatics","Computer Science & Engineering","UG","Computer Science & Engineering","251FA04034","Shanaya","Raj","Kadam","","shanaya.kadam34@vignan.ac.in","9980000034","Student#963"
"School of Computing and Informatics","Computer Science & Engineering","UG","Computer Science & Engineering","251FA04035","Pooja","Venkata","Bhosale","","pooja.bhosale35@vignan.ac.in","9980000035","Student#963"
"School of Computing and Informatics","Computer Science & Engineering","UG","Computer Science & Engineering","251FA04036","Sneha","Sri","Rao","","sneha.rao36@vignan.ac.in","9980000036","Student#963"
"School of Computing and Informatics","Computer Science & Engineering","UG","Computer Science & Engineering","251FA04037","Kavya","Sai","Patel","","kavya.patel37@vignan.ac.in","9980000037","Student#963"
"School of Computing and Informatics","Computer Science & Engineering","UG","Computer Science & Engineering","251FA04038","Bhavya","Mohan","Menon","","bhavya.menon38@vignan.ac.in","9980000038","Student#963"
"School of Computing and Informatics","Computer Science & Engineering","UG","Computer Science & Engineering","251FA04039","Deepika","Kishore","Dutta","","deepika.dutta39@vignan.ac.in","9980000039","Student#963"
"School of Computing and Informatics","Computer Science & Engineering","UG","Computer Science & Engineering","251FA04040","Rohan","Babu","Kumar","","rohan.kumar40@vignan.ac.in","9980000040","Student#963"
"School of Computing and Informatics","Computer Science & Engineering","UG","Computer Science & Engineering","251FA04041","Rahul","","Pawar","","rahul.pawar41@vignan.ac.in","9980000041","Student#963"
"School of Computing and Informatics","Computer Science & Engineering","UG","Computer Science & Engineering","251FA04042","Karthik","","More","","karthik.more42@vignan.ac.in","9980000042","Student#963"
"School of Computing and Informatics","Computer Science & Engineering","UG","Computer Science & Engineering","251FA04043","Varun","","Chowdhary","","varun.chowdhary43@vignan.ac.in","9980000043","Student#963"
"School of Computing and Informatics","Computer Science & Engineering","UG","Computer Science & Engineering","251FA04044","Nikhil","","Gupta","","nikhil.gupta44@vignan.ac.in","9980000044","Student#963"
"School of Computing and Informatics","Computer Science & Engineering","UG","Computer Science & Engineering","251FA04045","Sanjay","Kumar","Iyer","","sanjay.iyer45@vignan.ac.in","9980000045","Student#963"
"School of Computing and Informatics","Computer Science & Engineering","UG","Computer Science & Engineering","251FA04046","Vikram","Chandra","Bose","","vikram.bose46@vignan.ac.in","9980000046","Student#963"
"School of Computing and Informatics","Computer Science & Engineering","UG","Computer Science & Engineering","251FA04047","Harsh","Prasad","Shukla","","harsh.shukla47@vignan.ac.in","9980000047","Student#963"
"School of Computing and Informatics","Computer Science & Engineering","UG","Computer Science & Engineering","251FA04048","Abhishek","Raj","Rathore","","abhishek.rathore48@vignan.ac.in","9980000048","Student#963"
"School of Computing and Informatics","Computer Science & Engineering","UG","Computer Science & Engineering","251FA04049","Manish","Venkata","Jadhav","","manish.jadhav49@vignan.ac.in","9980000049","Student#963"
"School of Computing and Informatics","Computer Science & Engineering","UG","Computer Science & Engineering","251FA04050","Praveen","Sri","Reddy","","praveen.reddy50@vignan.ac.in","9980000050","Student#963"
"School of Computing and Informatics","Computer Science & Engineering","UG","Computer Science & Engineering","251FA04051","Suresh","Sai","Verma","","suresh.verma51@vignan.ac.in","9980000051","Student#963"
"School of Computing and Informatics","Computer Science & Engineering","UG","Computer Science & Engineering","251FA04052","Ramesh","Mohan","Pillai","","ramesh.pillai52@vignan.ac.in","9980000052","Student#963"
"School of Computing and Informatics","Computer Science & Engineering","UG","Computer Science & Engineering","251FA04053","Naresh","Kishore","Sen","","naresh.sen53@vignan.ac.in","9980000053","Student#963"
"School of Computing and Informatics","Computer Science & Engineering","UG","Computer Science & Engineering","251FA04054","Ganesh","Babu","Dubey","","ganesh.dubey54@vignan.ac.in","9980000054","Student#963"
"School of Computing and Informatics","Computer Science & Engineering","UG","Computer Science & Engineering","251FA04055","Mahesh","","Thakur","","mahesh.thakur55@vignan.ac.in","9980000055","Student#963"
"School of Computing and Informatics","Computer Science & Engineering","UG","Computer Science & Engineering","251FA04056","Dinesh","","Kulkarni","","dinesh.kulkarni56@vignan.ac.in","9980000056","Student#963"
"School of Computing and Informatics","Computer Science & Engineering","UG","Computer Science & Engineering","251FA04057","Rajesh","","Salunkhe","","rajesh.salunkhe57@vignan.ac.in","9980000057","Student#963"
"School of Computing and Informatics","Computer Science & Engineering","UG","Computer Science & Engineering","251FA04058","Kiran","","Sharma","","kiran.sharma58@vignan.ac.in","9980000058","Student#963"
"School of Computing and Informatics","Computer Science & Engineering","UG","Computer Science & Engineering","251FA04059","Tarun","Kumar","Nair","","tarun.nair59@vignan.ac.in","9980000059","Student#963"
"School of Computing and Informatics","Computer Science & Engineering","UG","Computer Science & Engineering","251FA04060","Swathi","Chandra","Mukherjee","","swathi.mukherjee60@vignan.ac.in","9980000060","Student#963"
"School of Computing and Informatics","Computer Science & Engineering","UG","Computer Science & Engineering","251FA04061","Divya","Prasad","Tiwari","","divya.tiwari61@vignan.ac.in","9980000061","Student#963"
"School of Computing and Informatics","Computer Science & Engineering","UG","Computer Science & Engineering","251FA04062","Harini","Raj","Chauhan","","harini.chauhan62@vignan.ac.in","9980000062","Student#963"
"School of Computing and Informatics","Computer Science & Engineering","UG","Computer Science & Engineering","251FA04063","Keerthi","Venkata","Deshmukh","","keerthi.deshmukh63@vignan.ac.in","9980000063","Student#963"
"School of Computing and Informatics","Computer Science & Engineering","UG","Computer Science & Engineering","251FA04064","Lavanya","Sri","Sawant","","lavanya.sawant64@vignan.ac.in","9980000064","Student#963"
"School of Computing and Informatics","Computer Science & Engineering","UG","Computer Science & Engineering","251FA04065","Meghana","Sai","Naidu","","meghana.naidu65@vignan.ac.in","9980000065","Student#963"
"School of Computing and Informatics","Computer Science & Engineering","UG","Computer Science & Engineering","251FA04066","Mounika","Mohan","Bhat","","mounika.bhat66@vignan.ac.in","9980000066","Student#963"
"School of Computing and Informatics","Computer Science & Engineering","UG","Computer Science & Engineering","251FA04067","Nandini","Kishore","Chatterjee","","nandini.chatterjee67@vignan.ac.in","9980000067","Student#963"
"School of Computing and Informatics","Computer Science & Engineering","UG","Computer Science & Engineering","251FA04068","Pallavi","Babu","Pandey","","pallavi.pandey68@vignan.ac.in","9980000068","Student#963"
"School of Computing and Informatics","Computer Science & Engineering","UG","Computer Science & Engineering","251FA04069","Pavani","","Yadav","","pavani.yadav69@vignan.ac.in","9980000069","Student#963"
"School of Computing and Informatics","Computer Science & Engineering","UG","Computer Science & Engineering","251FA04070","Pranathi","","Patil","","pranathi.patil70@vignan.ac.in","9980000070","Student#963"
"School of Computing and Informatics","Computer Science & Engineering","UG","Computer Science & Engineering","251FA04071","Ramya","","Tamboli","","ramya.tamboli71@vignan.ac.in","9980000071","Student#963"
"School of Computing and Informatics","Computer Science & Engineering","UG","Computer Science & Engineering","251FA04072","Sandhya","","Goud","","sandhya.goud72@vignan.ac.in","9980000072","Student#963"
"School of Computing and Informatics","Computer Science & Engineering","UG","Computer Science & Engineering","251FA04073","Sirisha","Kumar","Joshi","","sirisha.joshi73@vignan.ac.in","9980000073","Student#963"
"School of Computing and Informatics","Computer Science & Engineering","UG","Computer Science & Engineering","251FA04074","Sowmya","Chandra","Banerjee","","sowmya.banerjee74@vignan.ac.in","9980000074","Student#963"
"School of Computing and Informatics","Computer Science & Engineering","UG","Computer Science & Engineering","251FA04075","Sravani","Prasad","Mishra","","sravani.mishra75@vignan.ac.in","9980000075","Student#963"
"School of Computing and Informatics","Computer Science & Engineering","UG","Computer Science & Engineering","251FA04076","Srinu","Raj","Singh","","srinu.singh76@vignan.ac.in","9980000076","Student#963"
"School of Computing and Informatics","Computer Science & Engineering","UG","Computer Science & Engineering","251FA04077","Tejaswi","Venkata","Shinde","","tejaswi.shinde77@vignan.ac.in","9980000077","Student#963"
"School of Computing and Informatics","Computer Science & Engineering","UG","Computer Science & Engineering","251FA04078","Vaishnavi","Sri","Gaikwad","","vaishnavi.gaikwad78@vignan.ac.in","9980000078","Student#963"
"School of Computing and Informatics","Computer Science & Engineering","UG","Computer Science & Engineering","251FA04079","Yamini","Sai","Varma","","yamini.varma79@vignan.ac.in","9980000079","Student#963"
"School of Computing and Informatics","Computer Science & Engineering","UG","Computer Science & Engineering","251FA04080","Aarav","Mohan","Mehta","","aarav.mehta80@vignan.ac.in","9980000080","Student#963"
"School of Computing and Informatics","Computer Science & Engineering","UG","Computer Science & Engineering","251FA04081","Vivaan","Kishore","Das","","vivaan.das81@vignan.ac.in","9980000081","Student#963"
"School of Computing and Informatics","Computer Science & Engineering","UG","Computer Science & Engineering","251FA04082","Aditya","Babu","Ghosh","","aditya.ghosh82@vignan.ac.in","9980000082","Student#963"
"School of Computing and Informatics","Computer Science & Engineering","UG","Computer Science & Engineering","251FA04083","Vihaan","","Prasad","","vihaan.prasad83@vignan.ac.in","9980000083","Student#963"
"School of Computing and Informatics","Computer Science & Engineering","UG","Computer Science & Engineering","251FA04084","Arjun","","Kadam","","arjun.kadam84@vignan.ac.in","9980000084","Student#963"
"School of Computing and Informatics","Computer Science & Engineering","UG","Computer Science & Engineering","251FA04085","Sai","","Bhosale","","sai.bhosale85@vignan.ac.in","9980000085","Student#963"
"School of Computing and Informatics","Computer Science & Engineering","UG","Computer Science & Engineering","251FA04086","Reyansh","","Rao","","reyansh.rao86@vignan.ac.in","9980000086","Student#963"
"School of Computing and Informatics","Computer Science & Engineering","UG","Computer Science & Engineering","251FA04087","Ayaan","Kumar","Patel","","ayaan.patel87@vignan.ac.in","9980000087","Student#963"
"School of Computing and Informatics","Computer Science & Engineering","UG","Computer Science & Engineering","251FA04088","Krishna","Chandra","Menon","","krishna.menon88@vignan.ac.in","9980000088","Student#963"
"School of Computing and Informatics","Computer Science & Engineering","UG","Computer Science & Engineering","251FA04089","Ishaan","Prasad","Dutta","","ishaan.dutta89@vignan.ac.in","9980000089","Student#963"
"School of Computing and Informatics","Computer Science & Engineering","UG","Computer Science & Engineering","251FA04090","Shaurya","Raj","Kumar","","shaurya.kumar90@vignan.ac.in","9980000090","Student#963"
"School of Computing and Informatics","Computer Science & Engineering","UG","Computer Science & Engineering","251FA04091","Atharva","Venkata","Pawar","","atharva.pawar91@vignan.ac.in","9980000091","Student#963"
"School of Computing and Informatics","Computer Science & Engineering","UG","Computer Science & Engineering","251FA04092","Advik","Sri","More","","advik.more92@vignan.ac.in","9980000092","Student#963"
"School of Computing and Informatics","Computer Science & Engineering","UG","Computer Science & Engineering","251FA04093","Pranav","Sai","Chowdhary","","pranav.chowdhary93@vignan.ac.in","9980000093","Student#963"
"School of Computing and Informatics","Computer Science & Engineering","UG","Computer Science & Engineering","251FA04094","Advaith","Mohan","Gupta","","advaith.gupta94@vignan.ac.in","9980000094","Student#963"
"School of Computing and Informatics","Computer Science & Engineering","UG","Computer Science & Engineering","251FA04095","Aaryan","Kishore","Iyer","","aaryan.iyer95@vignan.ac.in","9980000095","Student#963"
"School of Computing and Informatics","Computer Science & Engineering","UG","Computer Science & Engineering","251FA04096","Dhruv","Babu","Bose","","dhruv.bose96@vignan.ac.in","9980000096","Student#963"
"School of Computing and Informatics","Computer Science & Engineering","UG","Computer Science & Engineering","251FA04097","Kabir","","Shukla","","kabir.shukla97@vignan.ac.in","9980000097","Student#963"
"School of Computing and Informatics","Computer Science & Engineering","UG","Computer Science & Engineering","251FA04098","Ritvik","","Rathore","","ritvik.rathore98@vignan.ac.in","9980000098","Student#963"
"School of Computing and Informatics","Computer Science & Engineering","UG","Computer Science & Engineering","251FA04099","Darsh","","Jadhav","","darsh.jadhav99@vignan.ac.in","9980000099","Student#963"
"School of Computing and Informatics","Computer Science & Engineering","UG","Computer Science & Engineering","251FA04100","Ananya","","Reddy","","ananya.reddy100@vignan.ac.in","9980000100","Student#963"
"School of Computing and Informatics","Advanced Computer Science and Engineering","UG","Artificial Intelligence and Machine Learning","251FA18001","Diya","Kumar","Verma","","diya.verma101@vignan.ac.in","9980000101","Student#963"
"School of Computing and Informatics","Advanced Computer Science and Engineering","UG","Artificial Intelligence and Machine Learning","251FA18002","Saanvi","Chandra","Pillai","","saanvi.pillai102@vignan.ac.in","9980000102","Student#963"
"School of Computing and Informatics","Advanced Computer Science and Engineering","UG","Artificial Intelligence and Machine Learning","251FA18003","Aadhya","Prasad","Sen","","aadhya.sen103@vignan.ac.in","9980000103","Student#963"
"School of Computing and Informatics","Advanced Computer Science and Engineering","UG","Artificial Intelligence and Machine Learning","251FA18004","Pari","Raj","Dubey","","pari.dubey104@vignan.ac.in","9980000104","Student#963"
"School of Computing and Informatics","Advanced Computer Science and Engineering","UG","Artificial Intelligence and Machine Learning","251FA18005","Kiara","Venkata","Thakur","","kiara.thakur105@vignan.ac.in","9980000105","Student#963"
"School of Computing and Informatics","Advanced Computer Science and Engineering","UG","Artificial Intelligence and Machine Learning","251FA18006","Myra","Sri","Kulkarni","","myra.kulkarni106@vignan.ac.in","9980000106","Student#963"
"School of Computing and Informatics","Advanced Computer Science and Engineering","UG","Artificial Intelligence and Machine Learning","251FA18007","Riya","Sai","Salunkhe","","riya.salunkhe107@vignan.ac.in","9980000107","Student#963"
"School of Computing and Informatics","Advanced Computer Science and Engineering","UG","Artificial Intelligence and Machine Learning","251FA18008","Anushka","Mohan","Sharma","","anushka.sharma108@vignan.ac.in","9980000108","Student#963"
"School of Computing and Informatics","Advanced Computer Science and Engineering","UG","Artificial Intelligence and Machine Learning","251FA18009","Aarohi","Kishore","Nair","","aarohi.nair109@vignan.ac.in","9980000109","Student#963"
"School of Computing and Informatics","Advanced Computer Science and Engineering","UG","Artificial Intelligence and Machine Learning","251FA18010","Isha","Babu","Mukherjee","","isha.mukherjee110@vignan.ac.in","9980000110","Student#963"
"School of Computing and Informatics","Advanced Computer Science and Engineering","UG","Artificial Intelligence and Machine Learning","251FA18011","Navya","","Tiwari","","navya.tiwari111@vignan.ac.in","9980000111","Student#963"
"School of Computing and Informatics","Advanced Computer Science and Engineering","UG","Artificial Intelligence and Machine Learning","251FA18012","Avani","","Chauhan","","avani.chauhan112@vignan.ac.in","9980000112","Student#963"
"School of Computing and Informatics","Advanced Computer Science and Engineering","UG","Artificial Intelligence and Machine Learning","251FA18013","Tanvi","","Deshmukh","","tanvi.deshmukh113@vignan.ac.in","9980000113","Student#963"
"School of Computing and Informatics","Advanced Computer Science and Engineering","UG","Artificial Intelligence and Machine Learning","251FA18014","Shanaya","","Sawant","","shanaya.sawant114@vignan.ac.in","9980000114","Student#963"
"School of Computing and Informatics","Advanced Computer Science and Engineering","UG","Artificial Intelligence and Machine Learning","251FA18015","Pooja","Kumar","Naidu","","pooja.naidu115@vignan.ac.in","9980000115","Student#963"
"School of Computing and Informatics","Advanced Computer Science and Engineering","UG","Artificial Intelligence and Machine Learning","251FA18016","Sneha","Chandra","Bhat","","sneha.bhat116@vignan.ac.in","9980000116","Student#963"
"School of Computing and Informatics","Advanced Computer Science and Engineering","UG","Artificial Intelligence and Machine Learning","251FA18017","Kavya","Prasad","Chatterjee","","kavya.chatterjee117@vignan.ac.in","9980000117","Student#963"
"School of Computing and Informatics","Advanced Computer Science and Engineering","UG","Artificial Intelligence and Machine Learning","251FA18018","Bhavya","Raj","Pandey","","bhavya.pandey118@vignan.ac.in","9980000118","Student#963"
"School of Computing and Informatics","Advanced Computer Science and Engineering","UG","Artificial Intelligence and Machine Learning","251FA18019","Deepika","Venkata","Yadav","","deepika.yadav119@vignan.ac.in","9980000119","Student#963"
"School of Computing and Informatics","Advanced Computer Science and Engineering","UG","Artificial Intelligence and Machine Learning","251FA18020","Rohan","Sri","Patil","","rohan.patil120@vignan.ac.in","9980000120","Student#963"
"School of Computing and Informatics","Advanced Computer Science and Engineering","UG","Artificial Intelligence and Machine Learning","251FA18021","Rahul","Sai","Tamboli","","rahul.tamboli121@vignan.ac.in","9980000121","Student#963"
"School of Computing and Informatics","Advanced Computer Science and Engineering","UG","Artificial Intelligence and Machine Learning","251FA18022","Karthik","Mohan","Goud","","karthik.goud122@vignan.ac.in","9980000122","Student#963"
"School of Computing and Informatics","Advanced Computer Science and Engineering","UG","Artificial Intelligence and Machine Learning","251FA18023","Varun","Kishore","Joshi","","varun.joshi123@vignan.ac.in","9980000123","Student#963"
"School of Computing and Informatics","Advanced Computer Science and Engineering","UG","Artificial Intelligence and Machine Learning","251FA18024","Nikhil","Babu","Banerjee","","nikhil.banerjee124@vignan.ac.in","9980000124","Student#963"
"School of Computing and Informatics","Advanced Computer Science and Engineering","UG","Artificial Intelligence and Machine Learning","251FA18025","Sanjay","","Mishra","","sanjay.mishra125@vignan.ac.in","9980000125","Student#963"
"School of Computing and Informatics","Advanced Computer Science and Engineering","UG","Artificial Intelligence and Machine Learning","251FA18026","Vikram","","Singh","","vikram.singh126@vignan.ac.in","9980000126","Student#963"
"School of Computing and Informatics","Advanced Computer Science and Engineering","UG","Artificial Intelligence and Machine Learning","251FA18027","Harsh","","Shinde","","harsh.shinde127@vignan.ac.in","9980000127","Student#963"
"School of Computing and Informatics","Advanced Computer Science and Engineering","UG","Artificial Intelligence and Machine Learning","251FA18028","Abhishek","","Gaikwad","","abhishek.gaikwad128@vignan.ac.in","9980000128","Student#963"
"School of Computing and Informatics","Advanced Computer Science and Engineering","UG","Artificial Intelligence and Machine Learning","251FA18029","Manish","Kumar","Varma","","manish.varma129@vignan.ac.in","9980000129","Student#963"
"School of Computing and Informatics","Advanced Computer Science and Engineering","UG","Artificial Intelligence and Machine Learning","251FA18030","Praveen","Chandra","Mehta","","praveen.mehta130@vignan.ac.in","9980000130","Student#963"
"School of Computing and Informatics","Advanced Computer Science and Engineering","UG","Artificial Intelligence and Machine Learning","251FA18031","Suresh","Prasad","Das","","suresh.das131@vignan.ac.in","9980000131","Student#963"
"School of Computing and Informatics","Advanced Computer Science and Engineering","UG","Artificial Intelligence and Machine Learning","251FA18032","Ramesh","Raj","Ghosh","","ramesh.ghosh132@vignan.ac.in","9980000132","Student#963"
"School of Computing and Informatics","Advanced Computer Science and Engineering","UG","Artificial Intelligence and Machine Learning","251FA18033","Naresh","Venkata","Prasad","","naresh.prasad133@vignan.ac.in","9980000133","Student#963"
"School of Computing and Informatics","Advanced Computer Science and Engineering","UG","Artificial Intelligence and Machine Learning","251FA18034","Ganesh","Sri","Kadam","","ganesh.kadam134@vignan.ac.in","9980000134","Student#963"
"School of Computing and Informatics","Advanced Computer Science and Engineering","UG","Artificial Intelligence and Machine Learning","251FA18035","Mahesh","Sai","Bhosale","","mahesh.bhosale135@vignan.ac.in","9980000135","Student#963"
"School of Computing and Informatics","Advanced Computer Science and Engineering","UG","Artificial Intelligence and Machine Learning","251FA18036","Dinesh","Mohan","Rao","","dinesh.rao136@vignan.ac.in","9980000136","Student#963"
"School of Computing and Informatics","Advanced Computer Science and Engineering","UG","Artificial Intelligence and Machine Learning","251FA18037","Rajesh","Kishore","Patel","","rajesh.patel137@vignan.ac.in","9980000137","Student#963"
"School of Computing and Informatics","Advanced Computer Science and Engineering","UG","Artificial Intelligence and Machine Learning","251FA18038","Kiran","Babu","Menon","","kiran.menon138@vignan.ac.in","9980000138","Student#963"
"School of Computing and Informatics","Advanced Computer Science and Engineering","UG","Artificial Intelligence and Machine Learning","251FA18039","Tarun","","Dutta","","tarun.dutta139@vignan.ac.in","9980000139","Student#963"
"School of Computing and Informatics","Advanced Computer Science and Engineering","UG","Artificial Intelligence and Machine Learning","251FA18040","Swathi","","Kumar","","swathi.kumar140@vignan.ac.in","9980000140","Student#963"
"School of Computing and Informatics","Advanced Computer Science and Engineering","UG","Artificial Intelligence and Machine Learning","251FA18041","Divya","","Pawar","","divya.pawar141@vignan.ac.in","9980000141","Student#963"
"School of Computing and Informatics","Advanced Computer Science and Engineering","UG","Artificial Intelligence and Machine Learning","251FA18042","Harini","","More","","harini.more142@vignan.ac.in","9980000142","Student#963"
"School of Computing and Informatics","Advanced Computer Science and Engineering","UG","Artificial Intelligence and Machine Learning","251FA18043","Keerthi","Kumar","Chowdhary","","keerthi.chowdhary143@vignan.ac.in","9980000143","Student#963"
"School of Computing and Informatics","Advanced Computer Science and Engineering","UG","Artificial Intelligence and Machine Learning","251FA18044","Lavanya","Chandra","Gupta","","lavanya.gupta144@vignan.ac.in","9980000144","Student#963"
"School of Computing and Informatics","Advanced Computer Science and Engineering","UG","Artificial Intelligence and Machine Learning","251FA18045","Meghana","Prasad","Iyer","","meghana.iyer145@vignan.ac.in","9980000145","Student#963"
"School of Computing and Informatics","Advanced Computer Science and Engineering","UG","Artificial Intelligence and Machine Learning","251FA18046","Mounika","Raj","Bose","","mounika.bose146@vignan.ac.in","9980000146","Student#963"
"School of Computing and Informatics","Advanced Computer Science and Engineering","UG","Artificial Intelligence and Machine Learning","251FA18047","Nandini","Venkata","Shukla","","nandini.shukla147@vignan.ac.in","9980000147","Student#963"
"School of Computing and Informatics","Advanced Computer Science and Engineering","UG","Artificial Intelligence and Machine Learning","251FA18048","Pallavi","Sri","Rathore","","pallavi.rathore148@vignan.ac.in","9980000148","Student#963"
"School of Computing and Informatics","Advanced Computer Science and Engineering","UG","Artificial Intelligence and Machine Learning","251FA18049","Pavani","Sai","Jadhav","","pavani.jadhav149@vignan.ac.in","9980000149","Student#963"
"School of Computing and Informatics","Advanced Computer Science and Engineering","UG","Artificial Intelligence and Machine Learning","251FA18050","Pranathi","Mohan","Reddy","","pranathi.reddy150@vignan.ac.in","9980000150","Student#963"
"School of Computing and Informatics","Advanced Computer Science and Engineering","UG","Artificial Intelligence and Machine Learning","251FA18051","Ramya","Kishore","Verma","","ramya.verma151@vignan.ac.in","9980000151","Student#963"
"School of Computing and Informatics","Advanced Computer Science and Engineering","UG","Artificial Intelligence and Machine Learning","251FA18052","Sandhya","Babu","Pillai","","sandhya.pillai152@vignan.ac.in","9980000152","Student#963"
"School of Computing and Informatics","Advanced Computer Science and Engineering","UG","Artificial Intelligence and Machine Learning","251FA18053","Sirisha","","Sen","","sirisha.sen153@vignan.ac.in","9980000153","Student#963"
"School of Computing and Informatics","Advanced Computer Science and Engineering","UG","Artificial Intelligence and Machine Learning","251FA18054","Sowmya","","Dubey","","sowmya.dubey154@vignan.ac.in","9980000154","Student#963"
"School of Computing and Informatics","Advanced Computer Science and Engineering","UG","Artificial Intelligence and Machine Learning","251FA18055","Sravani","","Thakur","","sravani.thakur155@vignan.ac.in","9980000155","Student#963"
"School of Computing and Informatics","Advanced Computer Science and Engineering","UG","Artificial Intelligence and Machine Learning","251FA18056","Srinu","","Kulkarni","","srinu.kulkarni156@vignan.ac.in","9980000156","Student#963"
"School of Computing and Informatics","Advanced Computer Science and Engineering","UG","Artificial Intelligence and Machine Learning","251FA18057","Tejaswi","Kumar","Salunkhe","","tejaswi.salunkhe157@vignan.ac.in","9980000157","Student#963"
"School of Computing and Informatics","Advanced Computer Science and Engineering","UG","Artificial Intelligence and Machine Learning","251FA18058","Vaishnavi","Chandra","Sharma","","vaishnavi.sharma158@vignan.ac.in","9980000158","Student#963"
"School of Computing and Informatics","Advanced Computer Science and Engineering","UG","Artificial Intelligence and Machine Learning","251FA18059","Yamini","Prasad","Nair","","yamini.nair159@vignan.ac.in","9980000159","Student#963"
"School of Computing and Informatics","Advanced Computer Science and Engineering","UG","Artificial Intelligence and Machine Learning","251FA18060","Aarav","Raj","Mukherjee","","aarav.mukherjee160@vignan.ac.in","9980000160","Student#963"
"School of Computing and Informatics","Advanced Computer Science and Engineering","UG","Artificial Intelligence and Machine Learning","251FA18061","Vivaan","Venkata","Tiwari","","vivaan.tiwari161@vignan.ac.in","9980000161","Student#963"
"School of Computing and Informatics","Advanced Computer Science and Engineering","UG","Artificial Intelligence and Machine Learning","251FA18062","Aditya","Sri","Chauhan","","aditya.chauhan162@vignan.ac.in","9980000162","Student#963"
"School of Computing and Informatics","Advanced Computer Science and Engineering","UG","Artificial Intelligence and Machine Learning","251FA18063","Vihaan","Sai","Deshmukh","","vihaan.deshmukh163@vignan.ac.in","9980000163","Student#963"
"School of Computing and Informatics","Advanced Computer Science and Engineering","UG","Artificial Intelligence and Machine Learning","251FA18064","Arjun","Mohan","Sawant","","arjun.sawant164@vignan.ac.in","9980000164","Student#963"
"School of Computing and Informatics","Advanced Computer Science and Engineering","UG","Artificial Intelligence and Machine Learning","251FA18065","Sai","Kishore","Naidu","","sai.naidu165@vignan.ac.in","9980000165","Student#963"
"School of Computing and Informatics","Advanced Computer Science and Engineering","UG","Artificial Intelligence and Machine Learning","251FA18066","Reyansh","Babu","Bhat","","reyansh.bhat166@vignan.ac.in","9980000166","Student#963"
"School of Computing and Informatics","Advanced Computer Science and Engineering","UG","Artificial Intelligence and Machine Learning","251FA18067","Ayaan","","Chatterjee","","ayaan.chatterjee167@vignan.ac.in","9980000167","Student#963"
"School of Computing and Informatics","Advanced Computer Science and Engineering","UG","Artificial Intelligence and Machine Learning","251FA18068","Krishna","","Pandey","","krishna.pandey168@vignan.ac.in","9980000168","Student#963"
"School of Computing and Informatics","Advanced Computer Science and Engineering","UG","Artificial Intelligence and Machine Learning","251FA18069","Ishaan","","Yadav","","ishaan.yadav169@vignan.ac.in","9980000169","Student#963"
"School of Computing and Informatics","Advanced Computer Science and Engineering","UG","Artificial Intelligence and Machine Learning","251FA18070","Shaurya","","Patil","","shaurya.patil170@vignan.ac.in","9980000170","Student#963"
"School of Computing and Informatics","Advanced Computer Science and Engineering","UG","Artificial Intelligence and Machine Learning","251FA18071","Atharva","Kumar","Tamboli","","atharva.tamboli171@vignan.ac.in","9980000171","Student#963"
"School of Computing and Informatics","Advanced Computer Science and Engineering","UG","Artificial Intelligence and Machine Learning","251FA18072","Advik","Chandra","Goud","","advik.goud172@vignan.ac.in","9980000172","Student#963"
"School of Computing and Informatics","Advanced Computer Science and Engineering","UG","Artificial Intelligence and Machine Learning","251FA18073","Pranav","Prasad","Joshi","","pranav.joshi173@vignan.ac.in","9980000173","Student#963"
"School of Computing and Informatics","Advanced Computer Science and Engineering","UG","Artificial Intelligence and Machine Learning","251FA18074","Advaith","Raj","Banerjee","","advaith.banerjee174@vignan.ac.in","9980000174","Student#963"
"School of Computing and Informatics","Advanced Computer Science and Engineering","UG","Artificial Intelligence and Machine Learning","251FA18075","Aaryan","Venkata","Mishra","","aaryan.mishra175@vignan.ac.in","9980000175","Student#963"
"School of Computing and Informatics","Advanced Computer Science and Engineering","UG","Artificial Intelligence and Machine Learning","251FA18076","Dhruv","Sri","Singh","","dhruv.singh176@vignan.ac.in","9980000176","Student#963"
"School of Computing and Informatics","Advanced Computer Science and Engineering","UG","Artificial Intelligence and Machine Learning","251FA18077","Kabir","Sai","Shinde","","kabir.shinde177@vignan.ac.in","9980000177","Student#963"
"School of Computing and Informatics","Advanced Computer Science and Engineering","UG","Artificial Intelligence and Machine Learning","251FA18078","Ritvik","Mohan","Gaikwad","","ritvik.gaikwad178@vignan.ac.in","9980000178","Student#963"
"School of Computing and Informatics","Advanced Computer Science and Engineering","UG","Artificial Intelligence and Machine Learning","251FA18079","Darsh","Kishore","Varma","","darsh.varma179@vignan.ac.in","9980000179","Student#963"
"School of Computing and Informatics","Advanced Computer Science and Engineering","UG","Artificial Intelligence and Machine Learning","251FA18080","Ananya","Babu","Mehta","","ananya.mehta180@vignan.ac.in","9980000180","Student#963"
"School of Computing and Informatics","Advanced Computer Science and Engineering","UG","Artificial Intelligence and Machine Learning","251FA18081","Diya","","Das","","diya.das181@vignan.ac.in","9980000181","Student#963"
"School of Computing and Informatics","Advanced Computer Science and Engineering","UG","Artificial Intelligence and Machine Learning","251FA18082","Saanvi","","Ghosh","","saanvi.ghosh182@vignan.ac.in","9980000182","Student#963"
"School of Computing and Informatics","Advanced Computer Science and Engineering","UG","Artificial Intelligence and Machine Learning","251FA18083","Aadhya","","Prasad","","aadhya.prasad183@vignan.ac.in","9980000183","Student#963"
"School of Computing and Informatics","Advanced Computer Science and Engineering","UG","Artificial Intelligence and Machine Learning","251FA18084","Pari","","Kadam","","pari.kadam184@vignan.ac.in","9980000184","Student#963"
"School of Computing and Informatics","Advanced Computer Science and Engineering","UG","Artificial Intelligence and Machine Learning","251FA18085","Kiara","Kumar","Bhosale","","kiara.bhosale185@vignan.ac.in","9980000185","Student#963"
"School of Computing and Informatics","Advanced Computer Science and Engineering","UG","Artificial Intelligence and Machine Learning","251FA18086","Myra","Chandra","Rao","","myra.rao186@vignan.ac.in","9980000186","Student#963"
"School of Computing and Informatics","Advanced Computer Science and Engineering","UG","Artificial Intelligence and Machine Learning","251FA18087","Riya","Prasad","Patel","","riya.patel187@vignan.ac.in","9980000187","Student#963"
"School of Computing and Informatics","Advanced Computer Science and Engineering","UG","Artificial Intelligence and Machine Learning","251FA18088","Anushka","Raj","Menon","","anushka.menon188@vignan.ac.in","9980000188","Student#963"
"School of Computing and Informatics","Advanced Computer Science and Engineering","UG","Artificial Intelligence and Machine Learning","251FA18089","Aarohi","Venkata","Dutta","","aarohi.dutta189@vignan.ac.in","9980000189","Student#963"
"School of Computing and Informatics","Advanced Computer Science and Engineering","UG","Artificial Intelligence and Machine Learning","251FA18090","Isha","Sri","Kumar","","isha.kumar190@vignan.ac.in","9980000190","Student#963"
"School of Computing and Informatics","Advanced Computer Science and Engineering","UG","Artificial Intelligence and Machine Learning","251FA18091","Navya","Sai","Pawar","","navya.pawar191@vignan.ac.in","9980000191","Student#963"
"School of Computing and Informatics","Advanced Computer Science and Engineering","UG","Artificial Intelligence and Machine Learning","251FA18092","Avani","Mohan","More","","avani.more192@vignan.ac.in","9980000192","Student#963"
"School of Computing and Informatics","Advanced Computer Science and Engineering","UG","Artificial Intelligence and Machine Learning","251FA18093","Tanvi","Kishore","Chowdhary","","tanvi.chowdhary193@vignan.ac.in","9980000193","Student#963"
"School of Computing and Informatics","Advanced Computer Science and Engineering","UG","Artificial Intelligence and Machine Learning","251FA18094","Shanaya","Babu","Gupta","","shanaya.gupta194@vignan.ac.in","9980000194","Student#963"
"School of Computing and Informatics","Advanced Computer Science and Engineering","UG","Artificial Intelligence and Machine Learning","251FA18095","Pooja","","Iyer","","pooja.iyer195@vignan.ac.in","9980000195","Student#963"
"School of Computing and Informatics","Advanced Computer Science and Engineering","UG","Artificial Intelligence and Machine Learning","251FA18096","Sneha","","Bose","","sneha.bose196@vignan.ac.in","9980000196","Student#963"
"School of Computing and Informatics","Advanced Computer Science and Engineering","UG","Artificial Intelligence and Machine Learning","251FA18097","Kavya","","Shukla","","kavya.shukla197@vignan.ac.in","9980000197","Student#963"
"School of Computing and Informatics","Advanced Computer Science and Engineering","UG","Artificial Intelligence and Machine Learning","251FA18098","Bhavya","","Rathore","","bhavya.rathore198@vignan.ac.in","9980000198","Student#963"
"School of Computing and Informatics","Advanced Computer Science and Engineering","UG","Artificial Intelligence and Machine Learning","251FA18099","Deepika","Kumar","Jadhav","","deepika.jadhav199@vignan.ac.in","9980000199","Student#963"
"School of Computing and Informatics","Advanced Computer Science and Engineering","UG","Artificial Intelligence and Machine Learning","251FA18100","Rohan","Chandra","Reddy","","rohan.reddy200@vignan.ac.in","9980000200","Student#963"
"School of Computing and Informatics","Information Technology","UG","Information Technology","251FA07001","Rahul","Prasad","Verma","","rahul.verma201@vignan.ac.in","9980000201","Student#963"
"School of Computing and Informatics","Information Technology","UG","Information Technology","251FA07002","Karthik","Raj","Pillai","","karthik.pillai202@vignan.ac.in","9980000202","Student#963"
"School of Computing and Informatics","Information Technology","UG","Information Technology","251FA07003","Varun","Venkata","Sen","","varun.sen203@vignan.ac.in","9980000203","Student#963"
"School of Computing and Informatics","Information Technology","UG","Information Technology","251FA07004","Nikhil","Sri","Dubey","","nikhil.dubey204@vignan.ac.in","9980000204","Student#963"
"School of Computing and Informatics","Information Technology","UG","Information Technology","251FA07005","Sanjay","Sai","Thakur","","sanjay.thakur205@vignan.ac.in","9980000205","Student#963"
"School of Computing and Informatics","Information Technology","UG","Information Technology","251FA07006","Vikram","Mohan","Kulkarni","","vikram.kulkarni206@vignan.ac.in","9980000206","Student#963"
"School of Computing and Informatics","Information Technology","UG","Information Technology","251FA07007","Harsh","Kishore","Salunkhe","","harsh.salunkhe207@vignan.ac.in","9980000207","Student#963"
"School of Computing and Informatics","Information Technology","UG","Information Technology","251FA07008","Abhishek","Babu","Sharma","","abhishek.sharma208@vignan.ac.in","9980000208","Student#963"
"School of Computing and Informatics","Information Technology","UG","Information Technology","251FA07010","Manish","","Nair","","manish.nair209@vignan.ac.in","9980000209","Student#963"
"School of Computing and Informatics","Information Technology","UG","Information Technology","251FA07011","Praveen","","Mukherjee","","praveen.mukherjee210@vignan.ac.in","9980000210","Student#963"
"School of Computing and Informatics","Information Technology","UG","Information Technology","251FA07012","Suresh","","Tiwari","","suresh.tiwari211@vignan.ac.in","9980000211","Student#963"
"School of Computing and Informatics","Information Technology","UG","Information Technology","251FA07013","Ramesh","","Chauhan","","ramesh.chauhan212@vignan.ac.in","9980000212","Student#963"
"School of Computing and Informatics","Information Technology","UG","Information Technology","251FA07014","Naresh","Kumar","Deshmukh","","naresh.deshmukh213@vignan.ac.in","9980000213","Student#963"
"School of Computing and Informatics","Information Technology","UG","Information Technology","251FA07015","Ganesh","Chandra","Sawant","","ganesh.sawant214@vignan.ac.in","9980000214","Student#963"
"School of Computing and Informatics","Information Technology","UG","Information Technology","251FA07016","Mahesh","Prasad","Naidu","","mahesh.naidu215@vignan.ac.in","9980000215","Student#963"
"School of Computing and Informatics","Information Technology","UG","Information Technology","251FA07017","Dinesh","Raj","Bhat","","dinesh.bhat216@vignan.ac.in","9980000216","Student#963"
"School of Computing and Informatics","Information Technology","UG","Information Technology","251FA07018","Rajesh","Venkata","Chatterjee","","rajesh.chatterjee217@vignan.ac.in","9980000217","Student#963"
"School of Computing and Informatics","Information Technology","UG","Information Technology","251FA07019","Kiran","Sri","Pandey","","kiran.pandey218@vignan.ac.in","9980000218","Student#963"
"School of Computing and Informatics","Information Technology","UG","Information Technology","251FA07020","Tarun","Sai","Yadav","","tarun.yadav219@vignan.ac.in","9980000219","Student#963"
"School of Computing and Informatics","Information Technology","UG","Information Technology","251FA07021","Swathi","Mohan","Patil","","swathi.patil220@vignan.ac.in","9980000220","Student#963"
"School of Computing and Informatics","Information Technology","UG","Information Technology","251FA07022","Divya","Kishore","Tamboli","","divya.tamboli221@vignan.ac.in","9980000221","Student#963"
"School of Computing and Informatics","Information Technology","UG","Information Technology","251FA07023","Harini","Babu","Goud","","harini.goud222@vignan.ac.in","9980000222","Student#963"
"School of Computing and Informatics","Information Technology","UG","Information Technology","251FA07024","Keerthi","","Joshi","","keerthi.joshi223@vignan.ac.in","9980000223","Student#963"
"School of Computing and Informatics","Information Technology","UG","Information Technology","251FA07025","Lavanya","","Banerjee","","lavanya.banerjee224@vignan.ac.in","9980000224","Student#963"
"School of Computing and Informatics","Information Technology","UG","Information Technology","251FA07026","Meghana","","Mishra","","meghana.mishra225@vignan.ac.in","9980000225","Student#963"
"School of Computing and Informatics","Information Technology","UG","Information Technology","251FA07027","Mounika","","Singh","","mounika.singh226@vignan.ac.in","9980000226","Student#963"
"School of Computing and Informatics","Information Technology","UG","Information Technology","251FA07028","Nandini","Kumar","Shinde","","nandini.shinde227@vignan.ac.in","9980000227","Student#963"
"School of Computing and Informatics","Information Technology","UG","Information Technology","251FA07029","Pallavi","Chandra","Gaikwad","","pallavi.gaikwad228@vignan.ac.in","9980000228","Student#963"
"School of Computing and Informatics","Information Technology","UG","Information Technology","251FA07030","Pavani","Prasad","Varma","","pavani.varma229@vignan.ac.in","9980000229","Student#963"
"School of Computing and Informatics","Information Technology","UG","Information Technology","251FA07031","Pranathi","Raj","Mehta","","pranathi.mehta230@vignan.ac.in","9980000230","Student#963"
"School of Computing and Informatics","Information Technology","UG","Information Technology","251FA07032","Ramya","Venkata","Das","","ramya.das231@vignan.ac.in","9980000231","Student#963"
"School of Computing and Informatics","Information Technology","UG","Information Technology","251FA07033","Sandhya","Sri","Ghosh","","sandhya.ghosh232@vignan.ac.in","9980000232","Student#963"
"School of Computing and Informatics","Information Technology","UG","Information Technology","251FA07034","Sirisha","Sai","Prasad","","sirisha.prasad233@vignan.ac.in","9980000233","Student#963"
"School of Computing and Informatics","Information Technology","UG","Information Technology","251FA07035","Sowmya","Mohan","Kadam","","sowmya.kadam234@vignan.ac.in","9980000234","Student#963"
"School of Computing and Informatics","Information Technology","UG","Information Technology","251FA07036","Sravani","Kishore","Bhosale","","sravani.bhosale235@vignan.ac.in","9980000235","Student#963"
"School of Computing and Informatics","Information Technology","UG","Information Technology","251FA07037","Srinu","Babu","Rao","","srinu.rao236@vignan.ac.in","9980000236","Student#963"
"School of Computing and Informatics","Information Technology","UG","Information Technology","251FA07038","Tejaswi","","Patel","","tejaswi.patel237@vignan.ac.in","9980000237","Student#963"
"School of Computing and Informatics","Information Technology","UG","Information Technology","251FA07039","Vaishnavi","","Menon","","vaishnavi.menon238@vignan.ac.in","9980000238","Student#963"
"School of Computing and Informatics","Information Technology","UG","Information Technology","251FA07040","Yamini","","Dutta","","yamini.dutta239@vignan.ac.in","9980000239","Student#963"
"School of Computing and Informatics","Information Technology","UG","Information Technology","251FA07041","Aarav","","Kumar","","aarav.kumar240@vignan.ac.in","9980000240","Student#963"
"School of Computing and Informatics","Information Technology","UG","Information Technology","251FA07042","Vivaan","Kumar","Pawar","","vivaan.pawar241@vignan.ac.in","9980000241","Student#963"
"School of Computing and Informatics","Information Technology","UG","Information Technology","251FA07043","Aditya","Chandra","More","","aditya.more242@vignan.ac.in","9980000242","Student#963"
"School of Computing and Informatics","Information Technology","UG","Information Technology","251FA07044","Vihaan","Prasad","Chowdhary","","vihaan.chowdhary243@vignan.ac.in","9980000243","Student#963"
"School of Computing and Informatics","Information Technology","UG","Information Technology","251FA07045","Arjun","Raj","Gupta","","arjun.gupta244@vignan.ac.in","9980000244","Student#963"
"School of Computing and Informatics","Information Technology","UG","Information Technology","251FA07046","Sai","Venkata","Iyer","","sai.iyer245@vignan.ac.in","9980000245","Student#963"
"School of Computing and Informatics","Information Technology","UG","Information Technology","251FA07047","Reyansh","Sri","Bose","","reyansh.bose246@vignan.ac.in","9980000246","Student#963"
"School of Computing and Informatics","Information Technology","UG","Information Technology","251FA07048","Ayaan","Sai","Shukla","","ayaan.shukla247@vignan.ac.in","9980000247","Student#963"
"School of Computing and Informatics","Information Technology","UG","Information Technology","251FA07049","Krishna","Mohan","Rathore","","krishna.rathore248@vignan.ac.in","9980000248","Student#963"
"School of Computing and Informatics","Information Technology","UG","Information Technology","251FA07050","Ishaan","Kishore","Jadhav","","ishaan.jadhav249@vignan.ac.in","9980000249","Student#963"
"School of Computing and Informatics","Information Technology","UG","Information Technology","251FA07051","Shaurya","Babu","Reddy","","shaurya.reddy250@vignan.ac.in","9980000250","Student#963"
"School of Computing and Informatics","Information Technology","UG","Information Technology","251FA07052","Atharva","","Verma","","atharva.verma251@vignan.ac.in","9980000251","Student#963"
"School of Computing and Informatics","Information Technology","UG","Information Technology","251FA07053","Advik","","Pillai","","advik.pillai252@vignan.ac.in","9980000252","Student#963"
"School of Computing and Informatics","Information Technology","UG","Information Technology","251FA07054","Pranav","","Sen","","pranav.sen253@vignan.ac.in","9980000253","Student#963"
"School of Computing and Informatics","Information Technology","UG","Information Technology","251FA07055","Advaith","","Dubey","","advaith.dubey254@vignan.ac.in","9980000254","Student#963"
"School of Computing and Informatics","Information Technology","UG","Information Technology","251FA07056","Aaryan","Kumar","Thakur","","aaryan.thakur255@vignan.ac.in","9980000255","Student#963"
"School of Computing and Informatics","Information Technology","UG","Information Technology","251FA07057","Dhruv","Chandra","Kulkarni","","dhruv.kulkarni256@vignan.ac.in","9980000256","Student#963"
"School of Computing and Informatics","Information Technology","UG","Information Technology","251FA07058","Kabir","Prasad","Salunkhe","","kabir.salunkhe257@vignan.ac.in","9980000257","Student#963"
"School of Computing and Informatics","Information Technology","UG","Information Technology","251FA07059","Ritvik","Raj","Sharma","","ritvik.sharma258@vignan.ac.in","9980000258","Student#963"
"School of Computing and Informatics","Information Technology","UG","Information Technology","251FA07060","Darsh","Venkata","Nair","","darsh.nair259@vignan.ac.in","9980000259","Student#963"
"School of Computing and Informatics","Information Technology","UG","Information Technology","251FA07061","Ananya","Sri","Mukherjee","","ananya.mukherjee260@vignan.ac.in","9980000260","Student#963"
"School of Computing and Informatics","Information Technology","UG","Information Technology","251FA07062","Diya","Sai","Tiwari","","diya.tiwari261@vignan.ac.in","9980000261","Student#963"
"School of Computing and Informatics","Information Technology","UG","Information Technology","251FA07063","Saanvi","Mohan","Chauhan","","saanvi.chauhan262@vignan.ac.in","9980000262","Student#963"
"School of Computing and Informatics","Information Technology","UG","Information Technology","251FA07064","Aadhya","Kishore","Deshmukh","","aadhya.deshmukh263@vignan.ac.in","9980000263","Student#963"
"School of Computing and Informatics","Information Technology","UG","Information Technology","251FA07065","Pari","Babu","Sawant","","pari.sawant264@vignan.ac.in","9980000264","Student#963"
"School of Computing and Informatics","Information Technology","UG","Information Technology","251FA07066","Kiara","","Naidu","","kiara.naidu265@vignan.ac.in","9980000265","Student#963"
"School of Computing and Informatics","Information Technology","UG","Information Technology","251FA07067","Myra","","Bhat","","myra.bhat266@vignan.ac.in","9980000266","Student#963"
"School of Computing and Informatics","Information Technology","UG","Information Technology","251FA07068","Riya","","Chatterjee","","riya.chatterjee267@vignan.ac.in","9980000267","Student#963"
"School of Computing and Informatics","Information Technology","UG","Information Technology","251FA07069","Anushka","","Pandey","","anushka.pandey268@vignan.ac.in","9980000268","Student#963"
"School of Computing and Informatics","Information Technology","UG","Information Technology","251FA07070","Aarohi","Kumar","Yadav","","aarohi.yadav269@vignan.ac.in","9980000269","Student#963"
"School of Computing and Informatics","Information Technology","UG","Information Technology","251FA07071","Isha","Chandra","Patil","","isha.patil270@vignan.ac.in","9980000270","Student#963"
"School of Computing and Informatics","Information Technology","UG","Information Technology","251FA07072","Navya","Prasad","Tamboli","","navya.tamboli271@vignan.ac.in","9980000271","Student#963"
"School of Computing and Informatics","Information Technology","UG","Information Technology","251FA07073","Avani","Raj","Goud","","avani.goud272@vignan.ac.in","9980000272","Student#963"
"School of Computing and Informatics","Information Technology","UG","Information Technology","251FA07074","Tanvi","Venkata","Joshi","","tanvi.joshi273@vignan.ac.in","9980000273","Student#963"
"School of Computing and Informatics","Information Technology","UG","Information Technology","251FA07075","Shanaya","Sri","Banerjee","","shanaya.banerjee274@vignan.ac.in","9980000274","Student#963"
"School of Computing and Informatics","Information Technology","UG","Information Technology","251FA07076","Pooja","Sai","Mishra","","pooja.mishra275@vignan.ac.in","9980000275","Student#963"
"School of Computing and Informatics","Information Technology","UG","Information Technology","251FA07077","Sneha","Mohan","Singh","","sneha.singh276@vignan.ac.in","9980000276","Student#963"
"School of Computing and Informatics","Information Technology","UG","Information Technology","251FA07078","Kavya","Kishore","Shinde","","kavya.shinde277@vignan.ac.in","9980000277","Student#963"
"School of Computing and Informatics","Information Technology","UG","Information Technology","251FA07079","Bhavya","Babu","Gaikwad","","bhavya.gaikwad278@vignan.ac.in","9980000278","Student#963"
"School of Computing and Informatics","Information Technology","UG","Information Technology","251FA07080","Deepika","","Varma","","deepika.varma279@vignan.ac.in","9980000279","Student#963"
"School of Computing and Informatics","Information Technology","UG","Information Technology","251FA07081","Rohan","","Mehta","","rohan.mehta280@vignan.ac.in","9980000280","Student#963"
"School of Computing and Informatics","Information Technology","UG","Information Technology","251FA07082","Rahul","","Das","","rahul.das281@vignan.ac.in","9980000281","Student#963"
"School of Computing and Informatics","Information Technology","UG","Information Technology","251FA07083","Karthik","","Ghosh","","karthik.ghosh282@vignan.ac.in","9980000282","Student#963"
"School of Computing and Informatics","Information Technology","UG","Information Technology","251FA07084","Varun","Kumar","Prasad","","varun.prasad283@vignan.ac.in","9980000283","Student#963"
"School of Computing and Informatics","Information Technology","UG","Information Technology","251FA07085","Nikhil","Chandra","Kadam","","nikhil.kadam284@vignan.ac.in","9980000284","Student#963"
"School of Computing and Informatics","Information Technology","UG","Information Technology","251FA07086","Sanjay","Prasad","Bhosale","","sanjay.bhosale285@vignan.ac.in","9980000285","Student#963"
"School of Computing and Informatics","Information Technology","UG","Information Technology","251FA07087","Vikram","Raj","Rao","","vikram.rao286@vignan.ac.in","9980000286","Student#963"
"School of Computing and Informatics","Information Technology","UG","Information Technology","251FA07088","Harsh","Venkata","Patel","","harsh.patel287@vignan.ac.in","9980000287","Student#963"
"School of Computing and Informatics","Information Technology","UG","Information Technology","251FA07089","Abhishek","Sri","Menon","","abhishek.menon288@vignan.ac.in","9980000288","Student#963"
"School of Computing and Informatics","Information Technology","UG","Information Technology","251FA07090","Manish","Sai","Dutta","","manish.dutta289@vignan.ac.in","9980000289","Student#963"
"School of Computing and Informatics","Information Technology","UG","Information Technology","251FA07091","Praveen","Mohan","Kumar","","praveen.kumar290@vignan.ac.in","9980000290","Student#963"
"School of Computing and Informatics","Information Technology","UG","Information Technology","251FA07092","Suresh","Kishore","Pawar","","suresh.pawar291@vignan.ac.in","9980000291","Student#963"
"School of Computing and Informatics","Information Technology","UG","Information Technology","251FA07093","Ramesh","Babu","More","","ramesh.more292@vignan.ac.in","9980000292","Student#963"
"School of Computing and Informatics","Information Technology","UG","Information Technology","251FA07094","Naresh","","Chowdhary","","naresh.chowdhary293@vignan.ac.in","9980000293","Student#963"
"School of Computing and Informatics","Information Technology","UG","Information Technology","251FA07095","Ganesh","","Gupta","","ganesh.gupta294@vignan.ac.in","9980000294","Student#963"
"School of Computing and Informatics","Information Technology","UG","Information Technology","251FA07096","Mahesh","","Iyer","","mahesh.iyer295@vignan.ac.in","9980000295","Student#963"
"School of Computing and Informatics","Information Technology","UG","Information Technology","251FA07097","Dinesh","","Bose","","dinesh.bose296@vignan.ac.in","9980000296","Student#963"
"School of Computing and Informatics","Information Technology","UG","Information Technology","251FA07098","Rajesh","Kumar","Shukla","","rajesh.shukla297@vignan.ac.in","9980000297","Student#963"
"School of Computing and Informatics","Information Technology","UG","Information Technology","251FA07099","Kiran","Chandra","Rathore","","kiran.rathore298@vignan.ac.in","9980000298","Student#963"
"School of Computing and Informatics","Information Technology","UG","Information Technology","251FA07100","Tarun","Prasad","Jadhav","","tarun.jadhav299@vignan.ac.in","9980000299","Student#963"
"School of Computing and Informatics","Information Technology","UG","Information Technology","251FA07101","Swathi","Raj","Reddy","","swathi.reddy300@vignan.ac.in","9980000300","Student#963"
"School of Electrical, Electronics and Communication Engineering","Electronics and Communication Engineering","UG","Electronics and Communication Engineering","251FA05001","Divya","Venkata","Verma","","divya.verma301@vignan.ac.in","9980000301","Student#963"
"School of Electrical, Electronics and Communication Engineering","Electronics and Communication Engineering","UG","Electronics and Communication Engineering","251FA05002","Harini","Sri","Pillai","","harini.pillai302@vignan.ac.in","9980000302","Student#963"
"School of Electrical, Electronics and Communication Engineering","Electronics and Communication Engineering","UG","Electronics and Communication Engineering","251FA05003","Keerthi","Sai","Sen","","keerthi.sen303@vignan.ac.in","9980000303","Student#963"
"School of Electrical, Electronics and Communication Engineering","Electronics and Communication Engineering","UG","Electronics and Communication Engineering","251FA05004","Lavanya","Mohan","Dubey","","lavanya.dubey304@vignan.ac.in","9980000304","Student#963"
"School of Electrical, Electronics and Communication Engineering","Electronics and Communication Engineering","UG","Electronics and Communication Engineering","251FA05005","Meghana","Kishore","Thakur","","meghana.thakur305@vignan.ac.in","9980000305","Student#963"
"School of Electrical, Electronics and Communication Engineering","Electronics and Communication Engineering","UG","Electronics and Communication Engineering","251FA05006","Mounika","Babu","Kulkarni","","mounika.kulkarni306@vignan.ac.in","9980000306","Student#963"
"School of Electrical, Electronics and Communication Engineering","Electronics and Communication Engineering","UG","Electronics and Communication Engineering","251FA05007","Nandini","","Salunkhe","","nandini.salunkhe307@vignan.ac.in","9980000307","Student#963"
"School of Electrical, Electronics and Communication Engineering","Electronics and Communication Engineering","UG","Electronics and Communication Engineering","251FA05008","Pallavi","","Sharma","","pallavi.sharma308@vignan.ac.in","9980000308","Student#963"
"School of Electrical, Electronics and Communication Engineering","Electronics and Communication Engineering","UG","Electronics and Communication Engineering","251FA05009","Pavani","","Nair","","pavani.nair309@vignan.ac.in","9980000309","Student#963"
"School of Electrical, Electronics and Communication Engineering","Electronics and Communication Engineering","UG","Electronics and Communication Engineering","251FA05010","Pranathi","","Mukherjee","","pranathi.mukherjee310@vignan.ac.in","9980000310","Student#963"
"School of Electrical, Electronics and Communication Engineering","Electronics and Communication Engineering","UG","Electronics and Communication Engineering","251FA05011","Ramya","Kumar","Tiwari","","ramya.tiwari311@vignan.ac.in","9980000311","Student#963"
"School of Electrical, Electronics and Communication Engineering","Electronics and Communication Engineering","UG","Electronics and Communication Engineering","251FA05012","Sandhya","Chandra","Chauhan","","sandhya.chauhan312@vignan.ac.in","9980000312","Student#963"
"School of Electrical, Electronics and Communication Engineering","Electronics and Communication Engineering","UG","Electronics and Communication Engineering","251FA05013","Sirisha","Prasad","Deshmukh","","sirisha.deshmukh313@vignan.ac.in","9980000313","Student#963"
"School of Electrical, Electronics and Communication Engineering","Electronics and Communication Engineering","UG","Electronics and Communication Engineering","251FA05014","Sowmya","Raj","Sawant","","sowmya.sawant314@vignan.ac.in","9980000314","Student#963"
"School of Electrical, Electronics and Communication Engineering","Electronics and Communication Engineering","UG","Electronics and Communication Engineering","251FA05015","Sravani","Venkata","Naidu","","sravani.naidu315@vignan.ac.in","9980000315","Student#963"
"School of Electrical, Electronics and Communication Engineering","Electronics and Communication Engineering","UG","Electronics and Communication Engineering","251FA05016","Srinu","Sri","Bhat","","srinu.bhat316@vignan.ac.in","9980000316","Student#963"
"School of Electrical, Electronics and Communication Engineering","Electronics and Communication Engineering","UG","Electronics and Communication Engineering","251FA05017","Tejaswi","Sai","Chatterjee","","tejaswi.chatterjee317@vignan.ac.in","9980000317","Student#963"
"School of Electrical, Electronics and Communication Engineering","Electronics and Communication Engineering","UG","Electronics and Communication Engineering","251FA05018","Vaishnavi","Mohan","Pandey","","vaishnavi.pandey318@vignan.ac.in","9980000318","Student#963"
"School of Electrical, Electronics and Communication Engineering","Electronics and Communication Engineering","UG","Electronics and Communication Engineering","251FA05019","Yamini","Kishore","Yadav","","yamini.yadav319@vignan.ac.in","9980000319","Student#963"
"School of Electrical, Electronics and Communication Engineering","Electronics and Communication Engineering","UG","Electronics and Communication Engineering","251FA05020","Aarav","Babu","Patil","","aarav.patil320@vignan.ac.in","9980000320","Student#963"
"School of Electrical, Electronics and Communication Engineering","Electronics and Communication Engineering","UG","Electronics and Communication Engineering","251FA05021","Vivaan","","Tamboli","","vivaan.tamboli321@vignan.ac.in","9980000321","Student#963"
"School of Electrical, Electronics and Communication Engineering","Electronics and Communication Engineering","UG","Electronics and Communication Engineering","251FA05022","Aditya","","Goud","","aditya.goud322@vignan.ac.in","9980000322","Student#963"
"School of Electrical, Electronics and Communication Engineering","Electronics and Communication Engineering","UG","Electronics and Communication Engineering","251FA05023","Vihaan","","Joshi","","vihaan.joshi323@vignan.ac.in","9980000323","Student#963"
"School of Electrical, Electronics and Communication Engineering","Electronics and Communication Engineering","UG","Electronics and Communication Engineering","251FA05024","Arjun","","Banerjee","","arjun.banerjee324@vignan.ac.in","9980000324","Student#963"
"School of Electrical, Electronics and Communication Engineering","Electronics and Communication Engineering","UG","Electronics and Communication Engineering","251FA05025","Sai","Kumar","Mishra","","sai.mishra325@vignan.ac.in","9980000325","Student#963"
"School of Electrical, Electronics and Communication Engineering","Electronics and Communication Engineering","UG","Electronics and Communication Engineering","251FA05026","Reyansh","Chandra","Singh","","reyansh.singh326@vignan.ac.in","9980000326","Student#963"
"School of Electrical, Electronics and Communication Engineering","Electronics and Communication Engineering","UG","Electronics and Communication Engineering","251FA05027","Ayaan","Prasad","Shinde","","ayaan.shinde327@vignan.ac.in","9980000327","Student#963"
"School of Electrical, Electronics and Communication Engineering","Electronics and Communication Engineering","UG","Electronics and Communication Engineering","251FA05028","Krishna","Raj","Gaikwad","","krishna.gaikwad328@vignan.ac.in","9980000328","Student#963"
"School of Electrical, Electronics and Communication Engineering","Electronics and Communication Engineering","UG","Electronics and Communication Engineering","251FA05029","Ishaan","Venkata","Varma","","ishaan.varma329@vignan.ac.in","9980000329","Student#963"
"School of Electrical, Electronics and Communication Engineering","Electronics and Communication Engineering","UG","Electronics and Communication Engineering","251FA05030","Shaurya","Sri","Mehta","","shaurya.mehta330@vignan.ac.in","9980000330","Student#963"
"School of Electrical, Electronics and Communication Engineering","Electronics and Communication Engineering","UG","Electronics and Communication Engineering","251FA05031","Atharva","Sai","Das","","atharva.das331@vignan.ac.in","9980000331","Student#963"
"School of Electrical, Electronics and Communication Engineering","Electronics and Communication Engineering","UG","Electronics and Communication Engineering","251FA05032","Advik","Mohan","Ghosh","","advik.ghosh332@vignan.ac.in","9980000332","Student#963"
"School of Electrical, Electronics and Communication Engineering","Electronics and Communication Engineering","UG","Electronics and Communication Engineering","251FA05033","Pranav","Kishore","Prasad","","pranav.prasad333@vignan.ac.in","9980000333","Student#963"
"School of Electrical, Electronics and Communication Engineering","Electronics and Communication Engineering","UG","Electronics and Communication Engineering","251FA05034","Advaith","Babu","Kadam","","advaith.kadam334@vignan.ac.in","9980000334","Student#963"
"School of Electrical, Electronics and Communication Engineering","Electronics and Communication Engineering","UG","Electronics and Communication Engineering","251FA05035","Aaryan","","Bhosale","","aaryan.bhosale335@vignan.ac.in","9980000335","Student#963"
"School of Electrical, Electronics and Communication Engineering","Electronics and Communication Engineering","UG","Electronics and Communication Engineering","251FA05036","Dhruv","","Rao","","dhruv.rao336@vignan.ac.in","9980000336","Student#963"
"School of Electrical, Electronics and Communication Engineering","Electronics and Communication Engineering","UG","Electronics and Communication Engineering","251FA05037","Kabir","","Patel","","kabir.patel337@vignan.ac.in","9980000337","Student#963"
"School of Electrical, Electronics and Communication Engineering","Electronics and Communication Engineering","UG","Electronics and Communication Engineering","251FA05038","Ritvik","","Menon","","ritvik.menon338@vignan.ac.in","9980000338","Student#963"
"School of Electrical, Electronics and Communication Engineering","Electronics and Communication Engineering","UG","Electronics and Communication Engineering","251FA05039","Darsh","Kumar","Dutta","","darsh.dutta339@vignan.ac.in","9980000339","Student#963"
"School of Electrical, Electronics and Communication Engineering","Electronics and Communication Engineering","UG","Electronics and Communication Engineering","251FA05040","Ananya","Chandra","Kumar","","ananya.kumar340@vignan.ac.in","9980000340","Student#963"
"School of Electrical, Electronics and Communication Engineering","Electronics and Communication Engineering","UG","Electronics and Communication Engineering","251FA05041","Diya","Prasad","Pawar","","diya.pawar341@vignan.ac.in","9980000341","Student#963"
"School of Electrical, Electronics and Communication Engineering","Electronics and Communication Engineering","UG","Electronics and Communication Engineering","251FA05042","Saanvi","Raj","More","","saanvi.more342@vignan.ac.in","9980000342","Student#963"
"School of Electrical, Electronics and Communication Engineering","Electronics and Communication Engineering","UG","Electronics and Communication Engineering","251FA05043","Aadhya","Venkata","Chowdhary","","aadhya.chowdhary343@vignan.ac.in","9980000343","Student#963"
"School of Electrical, Electronics and Communication Engineering","Electronics and Communication Engineering","UG","Electronics and Communication Engineering","251FA05044","Pari","Sri","Gupta","","pari.gupta344@vignan.ac.in","9980000344","Student#963"
"School of Electrical, Electronics and Communication Engineering","Electronics and Communication Engineering","UG","Electronics and Communication Engineering","251FA05045","Kiara","Sai","Iyer","","kiara.iyer345@vignan.ac.in","9980000345","Student#963"
"School of Electrical, Electronics and Communication Engineering","Electronics and Communication Engineering","UG","Electronics and Communication Engineering","251FA05046","Myra","Mohan","Bose","","myra.bose346@vignan.ac.in","9980000346","Student#963"
"School of Electrical, Electronics and Communication Engineering","Electronics and Communication Engineering","UG","Electronics and Communication Engineering","251FA05047","Riya","Kishore","Shukla","","riya.shukla347@vignan.ac.in","9980000347","Student#963"
"School of Electrical, Electronics and Communication Engineering","Electronics and Communication Engineering","UG","Electronics and Communication Engineering","251FA05048","Anushka","Babu","Rathore","","anushka.rathore348@vignan.ac.in","9980000348","Student#963"
"School of Electrical, Electronics and Communication Engineering","Electronics and Communication Engineering","UG","Electronics and Communication Engineering","251FA05049","Aarohi","","Jadhav","","aarohi.jadhav349@vignan.ac.in","9980000349","Student#963"
"School of Electrical, Electronics and Communication Engineering","Electronics and Communication Engineering","UG","Electronics and Communication Engineering","251FA05050","Isha","","Reddy","","isha.reddy350@vignan.ac.in","9980000350","Student#963"
"School of Electrical, Electronics and Communication Engineering","Electronics and Communication Engineering","UG","Electronics and Communication Engineering","251FA05051","Navya","","Verma","","navya.verma351@vignan.ac.in","9980000351","Student#963"
"School of Electrical, Electronics and Communication Engineering","Electronics and Communication Engineering","UG","Electronics and Communication Engineering","251FA05052","Avani","","Pillai","","avani.pillai352@vignan.ac.in","9980000352","Student#963"
"School of Electrical, Electronics and Communication Engineering","Electronics and Communication Engineering","UG","Electronics and Communication Engineering","251FA05053","Tanvi","Kumar","Sen","","tanvi.sen353@vignan.ac.in","9980000353","Student#963"
"School of Electrical, Electronics and Communication Engineering","Electronics and Communication Engineering","UG","Electronics and Communication Engineering","251FA05054","Shanaya","Chandra","Dubey","","shanaya.dubey354@vignan.ac.in","9980000354","Student#963"
"School of Electrical, Electronics and Communication Engineering","Electronics and Communication Engineering","UG","Electronics and Communication Engineering","251FA05055","Pooja","Prasad","Thakur","","pooja.thakur355@vignan.ac.in","9980000355","Student#963"
"School of Electrical, Electronics and Communication Engineering","Electronics and Communication Engineering","UG","Electronics and Communication Engineering","251FA05056","Sneha","Raj","Kulkarni","","sneha.kulkarni356@vignan.ac.in","9980000356","Student#963"
"School of Electrical, Electronics and Communication Engineering","Electronics and Communication Engineering","UG","Electronics and Communication Engineering","251FA05057","Kavya","Venkata","Salunkhe","","kavya.salunkhe357@vignan.ac.in","9980000357","Student#963"
"School of Electrical, Electronics and Communication Engineering","Electronics and Communication Engineering","UG","Electronics and Communication Engineering","251FA05058","Bhavya","Sri","Sharma","","bhavya.sharma358@vignan.ac.in","9980000358","Student#963"
"School of Electrical, Electronics and Communication Engineering","Electronics and Communication Engineering","UG","Electronics and Communication Engineering","251FA05059","Deepika","Sai","Nair","","deepika.nair359@vignan.ac.in","9980000359","Student#963"
"School of Electrical, Electronics and Communication Engineering","Electronics and Communication Engineering","UG","Electronics and Communication Engineering","251FA05060","Rohan","Mohan","Mukherjee","","rohan.mukherjee360@vignan.ac.in","9980000360","Student#963"
"School of Electrical, Electronics and Communication Engineering","Electronics and Communication Engineering","UG","Electronics and Communication Engineering","251FA05061","Rahul","Kishore","Tiwari","","rahul.tiwari361@vignan.ac.in","9980000361","Student#963"
"School of Electrical, Electronics and Communication Engineering","Electronics and Communication Engineering","UG","Electronics and Communication Engineering","251FA05062","Karthik","Babu","Chauhan","","karthik.chauhan362@vignan.ac.in","9980000362","Student#963"
"School of Electrical, Electronics and Communication Engineering","Electronics and Communication Engineering","UG","Electronics and Communication Engineering","251FA05063","Varun","","Deshmukh","","varun.deshmukh363@vignan.ac.in","9980000363","Student#963"
"School of Electrical, Electronics and Communication Engineering","Electronics and Communication Engineering","UG","Electronics and Communication Engineering","251FA05064","Nikhil","","Sawant","","nikhil.sawant364@vignan.ac.in","9980000364","Student#963"
"School of Electrical, Electronics and Communication Engineering","Electronics and Communication Engineering","UG","Electronics and Communication Engineering","251FA05065","Sanjay","","Naidu","","sanjay.naidu365@vignan.ac.in","9980000365","Student#963"
"School of Electrical, Electronics and Communication Engineering","Electronics and Communication Engineering","UG","Electronics and Communication Engineering","251FA05066","Vikram","","Bhat","","vikram.bhat366@vignan.ac.in","9980000366","Student#963"
"School of Electrical, Electronics and Communication Engineering","Electronics and Communication Engineering","UG","Electronics and Communication Engineering","251FA05067","Harsh","Kumar","Chatterjee","","harsh.chatterjee367@vignan.ac.in","9980000367","Student#963"
"School of Electrical, Electronics and Communication Engineering","Electronics and Communication Engineering","UG","Electronics and Communication Engineering","251FA05068","Abhishek","Chandra","Pandey","","abhishek.pandey368@vignan.ac.in","9980000368","Student#963"
"School of Electrical, Electronics and Communication Engineering","Electronics and Communication Engineering","UG","Electronics and Communication Engineering","251FA05069","Manish","Prasad","Yadav","","manish.yadav369@vignan.ac.in","9980000369","Student#963"
"School of Electrical, Electronics and Communication Engineering","Electronics and Communication Engineering","UG","Electronics and Communication Engineering","251FA05070","Praveen","Raj","Patil","","praveen.patil370@vignan.ac.in","9980000370","Student#963"
"School of Electrical, Electronics and Communication Engineering","Electronics and Communication Engineering","UG","Electronics and Communication Engineering","251FA05071","Suresh","Venkata","Tamboli","","suresh.tamboli371@vignan.ac.in","9980000371","Student#963"
"School of Electrical, Electronics and Communication Engineering","Electronics and Communication Engineering","UG","Electronics and Communication Engineering","251FA05072","Ramesh","Sri","Goud","","ramesh.goud372@vignan.ac.in","9980000372","Student#963"
"School of Electrical, Electronics and Communication Engineering","Electronics and Communication Engineering","UG","Electronics and Communication Engineering","251FA05073","Naresh","Sai","Joshi","","naresh.joshi373@vignan.ac.in","9980000373","Student#963"
"School of Electrical, Electronics and Communication Engineering","Electronics and Communication Engineering","UG","Electronics and Communication Engineering","251FA05074","Ganesh","Mohan","Banerjee","","ganesh.banerjee374@vignan.ac.in","9980000374","Student#963"
"School of Electrical, Electronics and Communication Engineering","Electronics and Communication Engineering","UG","Electronics and Communication Engineering","251FA05075","Mahesh","Kishore","Mishra","","mahesh.mishra375@vignan.ac.in","9980000375","Student#963"
"School of Electrical, Electronics and Communication Engineering","Electronics and Communication Engineering","UG","Electronics and Communication Engineering","251FA05076","Dinesh","Babu","Singh","","dinesh.singh376@vignan.ac.in","9980000376","Student#963"
"School of Electrical, Electronics and Communication Engineering","Electronics and Communication Engineering","UG","Electronics and Communication Engineering","251FA05077","Rajesh","","Shinde","","rajesh.shinde377@vignan.ac.in","9980000377","Student#963"
"School of Electrical, Electronics and Communication Engineering","Electronics and Communication Engineering","UG","Electronics and Communication Engineering","251FA05078","Kiran","","Gaikwad","","kiran.gaikwad378@vignan.ac.in","9980000378","Student#963"
"School of Electrical, Electronics and Communication Engineering","Electronics and Communication Engineering","UG","Electronics and Communication Engineering","251FA05079","Tarun","","Varma","","tarun.varma379@vignan.ac.in","9980000379","Student#963"
"School of Electrical, Electronics and Communication Engineering","Electronics and Communication Engineering","UG","Electronics and Communication Engineering","251FA05080","Swathi","","Mehta","","swathi.mehta380@vignan.ac.in","9980000380","Student#963"
"School of Electrical, Electronics and Communication Engineering","Electronics and Communication Engineering","UG","Electronics and Communication Engineering","251FA05081","Divya","Kumar","Das","","divya.das381@vignan.ac.in","9980000381","Student#963"
"School of Electrical, Electronics and Communication Engineering","Electronics and Communication Engineering","UG","Electronics and Communication Engineering","251FA05082","Harini","Chandra","Ghosh","","harini.ghosh382@vignan.ac.in","9980000382","Student#963"
"School of Electrical, Electronics and Communication Engineering","Electronics and Communication Engineering","UG","Electronics and Communication Engineering","251FA05083","Keerthi","Prasad","Prasad","","keerthi.prasad383@vignan.ac.in","9980000383","Student#963"
"School of Electrical, Electronics and Communication Engineering","Electronics and Communication Engineering","UG","Electronics and Communication Engineering","251FA05084","Lavanya","Raj","Kadam","","lavanya.kadam384@vignan.ac.in","9980000384","Student#963"
"School of Electrical, Electronics and Communication Engineering","Electronics and Communication Engineering","UG","Electronics and Communication Engineering","251FA05085","Meghana","Venkata","Bhosale","","meghana.bhosale385@vignan.ac.in","9980000385","Student#963"
"School of Electrical, Electronics and Communication Engineering","Electronics and Communication Engineering","UG","Electronics and Communication Engineering","251FA05086","Mounika","Sri","Rao","","mounika.rao386@vignan.ac.in","9980000386","Student#963"
"School of Electrical, Electronics and Communication Engineering","Electronics and Communication Engineering","UG","Electronics and Communication Engineering","251FA05087","Nandini","Sai","Patel","","nandini.patel387@vignan.ac.in","9980000387","Student#963"
"School of Electrical, Electronics and Communication Engineering","Electronics and Communication Engineering","UG","Electronics and Communication Engineering","251FA05088","Pallavi","Mohan","Menon","","pallavi.menon388@vignan.ac.in","9980000388","Student#963"
"School of Electrical, Electronics and Communication Engineering","Electronics and Communication Engineering","UG","Electronics and Communication Engineering","251FA05089","Pavani","Kishore","Dutta","","pavani.dutta389@vignan.ac.in","9980000389","Student#963"
"School of Electrical, Electronics and Communication Engineering","Electronics and Communication Engineering","UG","Electronics and Communication Engineering","251FA05090","Pranathi","Babu","Kumar","","pranathi.kumar390@vignan.ac.in","9980000390","Student#963"
"School of Electrical, Electronics and Communication Engineering","Electronics and Communication Engineering","UG","Electronics and Communication Engineering","251FA05091","Ramya","","Pawar","","ramya.pawar391@vignan.ac.in","9980000391","Student#963"
"School of Electrical, Electronics and Communication Engineering","Electronics and Communication Engineering","UG","Electronics and Communication Engineering","251FA05092","Sandhya","","More","","sandhya.more392@vignan.ac.in","9980000392","Student#963"
"School of Electrical, Electronics and Communication Engineering","Electronics and Communication Engineering","UG","Electronics and Communication Engineering","251FA05093","Sirisha","","Chowdhary","","sirisha.chowdhary393@vignan.ac.in","9980000393","Student#963"
"School of Electrical, Electronics and Communication Engineering","Electronics and Communication Engineering","UG","Electronics and Communication Engineering","251FA05094","Sowmya","","Gupta","","sowmya.gupta394@vignan.ac.in","9980000394","Student#963"
"School of Electrical, Electronics and Communication Engineering","Electronics and Communication Engineering","UG","Electronics and Communication Engineering","251FA05095","Sravani","Kumar","Iyer","","sravani.iyer395@vignan.ac.in","9980000395","Student#963"
"School of Electrical, Electronics and Communication Engineering","Electronics and Communication Engineering","UG","Electronics and Communication Engineering","251FA05096","Srinu","Chandra","Bose","","srinu.bose396@vignan.ac.in","9980000396","Student#963"
"School of Electrical, Electronics and Communication Engineering","Electronics and Communication Engineering","UG","Electronics and Communication Engineering","251FA05097","Tejaswi","Prasad","Shukla","","tejaswi.shukla397@vignan.ac.in","9980000397","Student#963"
"School of Electrical, Electronics and Communication Engineering","Electronics and Communication Engineering","UG","Electronics and Communication Engineering","251FA05098","Vaishnavi","Raj","Rathore","","vaishnavi.rathore398@vignan.ac.in","9980000398","Student#963"
"School of Electrical, Electronics and Communication Engineering","Electronics and Communication Engineering","UG","Electronics and Communication Engineering","251FA05099","Yamini","Venkata","Jadhav","","yamini.jadhav399@vignan.ac.in","9980000399","Student#963"
"School of Electrical, Electronics and Communication Engineering","Electronics and Communication Engineering","UG","Electronics and Communication Engineering","251FA05100","Aarav","Sri","Reddy","","aarav.reddy400@vignan.ac.in","9980000400","Student#963"
"School of Biotechnology and Pharmaceutical Sciences","Biotechnology","UG","Biotechnology","251FA01001","Vivaan","Sai","Verma","","vivaan.verma401@vignan.ac.in","9980000401","Student#963"
"School of Biotechnology and Pharmaceutical Sciences","Biotechnology","UG","Biotechnology","251FA01002","Aditya","Mohan","Pillai","","aditya.pillai402@vignan.ac.in","9980000402","Student#963"
"School of Biotechnology and Pharmaceutical Sciences","Biotechnology","UG","Biotechnology","251FA01003","Vihaan","Kishore","Sen","","vihaan.sen403@vignan.ac.in","9980000403","Student#963"
"School of Biotechnology and Pharmaceutical Sciences","Biotechnology","UG","Biotechnology","251FA01004","Arjun","Babu","Dubey","","arjun.dubey404@vignan.ac.in","9980000404","Student#963"
"School of Biotechnology and Pharmaceutical Sciences","Biotechnology","UG","Biotechnology","251FA01005","Sai","","Thakur","","sai.thakur405@vignan.ac.in","9980000405","Student#963"
"School of Biotechnology and Pharmaceutical Sciences","Biotechnology","UG","Biotechnology","251FA01006","Reyansh","","Kulkarni","","reyansh.kulkarni406@vignan.ac.in","9980000406","Student#963"
"School of Biotechnology and Pharmaceutical Sciences","Biotechnology","UG","Biotechnology","251FA01007","Ayaan","","Salunkhe","","ayaan.salunkhe407@vignan.ac.in","9980000407","Student#963"
"School of Biotechnology and Pharmaceutical Sciences","Biotechnology","UG","Biotechnology","251FA01008","Krishna","","Sharma","","krishna.sharma408@vignan.ac.in","9980000408","Student#963"
"School of Biotechnology and Pharmaceutical Sciences","Biotechnology","UG","Biotechnology","251FA01009","Ishaan","Kumar","Nair","","ishaan.nair409@vignan.ac.in","9980000409","Student#963"
"School of Biotechnology and Pharmaceutical Sciences","Biotechnology","UG","Biotechnology","251FA01010","Shaurya","Chandra","Mukherjee","","shaurya.mukherjee410@vignan.ac.in","9980000410","Student#963"
"School of Biotechnology and Pharmaceutical Sciences","Biotechnology","UG","Biotechnology","251FA01011","Atharva","Prasad","Tiwari","","atharva.tiwari411@vignan.ac.in","9980000411","Student#963"
"School of Biotechnology and Pharmaceutical Sciences","Biotechnology","UG","Biotechnology","251FA01012","Advik","Raj","Chauhan","","advik.chauhan412@vignan.ac.in","9980000412","Student#963"
"School of Biotechnology and Pharmaceutical Sciences","Biotechnology","UG","Biotechnology","251FA01013","Pranav","Venkata","Deshmukh","","pranav.deshmukh413@vignan.ac.in","9980000413","Student#963"
"School of Biotechnology and Pharmaceutical Sciences","Biotechnology","UG","Biotechnology","251FA01014","Advaith","Sri","Sawant","","advaith.sawant414@vignan.ac.in","9980000414","Student#963"
"School of Biotechnology and Pharmaceutical Sciences","Biotechnology","UG","Biotechnology","251FA01015","Aaryan","Sai","Naidu","","aaryan.naidu415@vignan.ac.in","9980000415","Student#963"
"School of Biotechnology and Pharmaceutical Sciences","Biotechnology","UG","Biotechnology","251FA01016","Dhruv","Mohan","Bhat","","dhruv.bhat416@vignan.ac.in","9980000416","Student#963"
"School of Biotechnology and Pharmaceutical Sciences","Biotechnology","UG","Biotechnology","251FA01017","Kabir","Kishore","Chatterjee","","kabir.chatterjee417@vignan.ac.in","9980000417","Student#963"
"School of Biotechnology and Pharmaceutical Sciences","Biotechnology","UG","Biotechnology","251FA01018","Ritvik","Babu","Pandey","","ritvik.pandey418@vignan.ac.in","9980000418","Student#963"
"School of Biotechnology and Pharmaceutical Sciences","Biotechnology","UG","Biotechnology","251FA01019","Darsh","","Yadav","","darsh.yadav419@vignan.ac.in","9980000419","Student#963"
"School of Biotechnology and Pharmaceutical Sciences","Biotechnology","UG","Biotechnology","251FA01020","Ananya","","Patil","","ananya.patil420@vignan.ac.in","9980000420","Student#963"
"School of Biotechnology and Pharmaceutical Sciences","Biotechnology","UG","Biotechnology","251FA01021","Diya","","Tamboli","","diya.tamboli421@vignan.ac.in","9980000421","Student#963"
"School of Biotechnology and Pharmaceutical Sciences","Biotechnology","UG","Biotechnology","251FA01022","Saanvi","","Goud","","saanvi.goud422@vignan.ac.in","9980000422","Student#963"
"School of Biotechnology and Pharmaceutical Sciences","Biotechnology","UG","Biotechnology","251FA01023","Aadhya","Kumar","Joshi","","aadhya.joshi423@vignan.ac.in","9980000423","Student#963"
"School of Biotechnology and Pharmaceutical Sciences","Biotechnology","UG","Biotechnology","251FA01024","Pari","Chandra","Banerjee","","pari.banerjee424@vignan.ac.in","9980000424","Student#963"
"School of Biotechnology and Pharmaceutical Sciences","Biotechnology","UG","Biotechnology","251FA01025","Kiara","Prasad","Mishra","","kiara.mishra425@vignan.ac.in","9980000425","Student#963"
"School of Biotechnology and Pharmaceutical Sciences","Biotechnology","UG","Biotechnology","251FA01026","Myra","Raj","Singh","","myra.singh426@vignan.ac.in","9980000426","Student#963"
"School of Biotechnology and Pharmaceutical Sciences","Biotechnology","UG","Biotechnology","251FA01027","Riya","Venkata","Shinde","","riya.shinde427@vignan.ac.in","9980000427","Student#963"
"School of Biotechnology and Pharmaceutical Sciences","Biotechnology","UG","Biotechnology","251FA01028","Anushka","Sri","Gaikwad","","anushka.gaikwad428@vignan.ac.in","9980000428","Student#963"
"School of Biotechnology and Pharmaceutical Sciences","Biotechnology","UG","Biotechnology","251FA01029","Aarohi","Sai","Varma","","aarohi.varma429@vignan.ac.in","9980000429","Student#963"
"School of Biotechnology and Pharmaceutical Sciences","Biotechnology","UG","Biotechnology","251FA01030","Isha","Mohan","Mehta","","isha.mehta430@vignan.ac.in","9980000430","Student#963"
"School of Biotechnology and Pharmaceutical Sciences","Biotechnology","UG","Biotechnology","251FA01031","Navya","Kishore","Das","","navya.das431@vignan.ac.in","9980000431","Student#963"
"School of Biotechnology and Pharmaceutical Sciences","Biotechnology","UG","Biotechnology","251FA01032","Avani","Babu","Ghosh","","avani.ghosh432@vignan.ac.in","9980000432","Student#963"
"School of Biotechnology and Pharmaceutical Sciences","Biotechnology","UG","Biotechnology","251FA01033","Tanvi","","Prasad","","tanvi.prasad433@vignan.ac.in","9980000433","Student#963"
"School of Biotechnology and Pharmaceutical Sciences","Biotechnology","UG","Biotechnology","251FA01034","Shanaya","","Kadam","","shanaya.kadam434@vignan.ac.in","9980000434","Student#963"
"School of Biotechnology and Pharmaceutical Sciences","Biotechnology","UG","Biotechnology","251FA01035","Pooja","","Bhosale","","pooja.bhosale435@vignan.ac.in","9980000435","Student#963"
"School of Biotechnology and Pharmaceutical Sciences","Biotechnology","UG","Biotechnology","251FA01036","Sneha","","Rao","","sneha.rao436@vignan.ac.in","9980000436","Student#963"
"School of Biotechnology and Pharmaceutical Sciences","Biotechnology","UG","Biotechnology","251FA01037","Kavya","Kumar","Patel","","kavya.patel437@vignan.ac.in","9980000437","Student#963"
"School of Biotechnology and Pharmaceutical Sciences","Biotechnology","UG","Biotechnology","251FA01038","Bhavya","Chandra","Menon","","bhavya.menon438@vignan.ac.in","9980000438","Student#963"
"School of Biotechnology and Pharmaceutical Sciences","Biotechnology","UG","Biotechnology","251FA01039","Deepika","Prasad","Dutta","","deepika.dutta439@vignan.ac.in","9980000439","Student#963"
"School of Biotechnology and Pharmaceutical Sciences","Biotechnology","UG","Biotechnology","251FA01040","Rohan","Raj","Kumar","","rohan.kumar440@vignan.ac.in","9980000440","Student#963"
"School of Biotechnology and Pharmaceutical Sciences","Biotechnology","UG","Biotechnology","251FA01041","Rahul","Venkata","Pawar","","rahul.pawar441@vignan.ac.in","9980000441","Student#963"
"School of Biotechnology and Pharmaceutical Sciences","Biotechnology","UG","Biotechnology","251FA01042","Karthik","Sri","More","","karthik.more442@vignan.ac.in","9980000442","Student#963"
"School of Biotechnology and Pharmaceutical Sciences","Biotechnology","UG","Biotechnology","251FA01043","Varun","Sai","Chowdhary","","varun.chowdhary443@vignan.ac.in","9980000443","Student#963"
"School of Biotechnology and Pharmaceutical Sciences","Biotechnology","UG","Biotechnology","251FA01044","Nikhil","Mohan","Gupta","","nikhil.gupta444@vignan.ac.in","9980000444","Student#963"
"School of Biotechnology and Pharmaceutical Sciences","Biotechnology","UG","Biotechnology","251FA01045","Sanjay","Kishore","Iyer","","sanjay.iyer445@vignan.ac.in","9980000445","Student#963"
"School of Biotechnology and Pharmaceutical Sciences","Biotechnology","UG","Biotechnology","251FA01046","Vikram","Babu","Bose","","vikram.bose446@vignan.ac.in","9980000446","Student#963"
"School of Biotechnology and Pharmaceutical Sciences","Biotechnology","UG","Biotechnology","251FA01047","Harsh","","Shukla","","harsh.shukla447@vignan.ac.in","9980000447","Student#963"
"School of Biotechnology and Pharmaceutical Sciences","Biotechnology","UG","Biotechnology","251FA01048","Abhishek","","Rathore","","abhishek.rathore448@vignan.ac.in","9980000448","Student#963"
"School of Biotechnology and Pharmaceutical Sciences","Biotechnology","UG","Biotechnology","251FA01049","Manish","","Jadhav","","manish.jadhav449@vignan.ac.in","9980000449","Student#963"
"School of Biotechnology and Pharmaceutical Sciences","Biotechnology","UG","Biotechnology","251FA01050","Praveen","","Reddy","","praveen.reddy450@vignan.ac.in","9980000450","Student#963"
"School of Computing and Informatics","Computer Applications","PG","Master of Computer Applications","251FD01001","Suresh","Kumar","Verma","","suresh.verma451@vignan.ac.in","9980000451","Student#963"
"School of Computing and Informatics","Computer Applications","PG","Master of Computer Applications","251FD01002","Ramesh","Chandra","Pillai","","ramesh.pillai452@vignan.ac.in","9980000452","Student#963"
"School of Computing and Informatics","Computer Applications","PG","Master of Computer Applications","251FD01003","Naresh","Prasad","Sen","","naresh.sen453@vignan.ac.in","9980000453","Student#963"
"School of Computing and Informatics","Computer Applications","PG","Master of Computer Applications","251FD01004","Ganesh","Raj","Dubey","","ganesh.dubey454@vignan.ac.in","9980000454","Student#963"
"School of Computing and Informatics","Computer Applications","PG","Master of Computer Applications","251FD01005","Mahesh","Venkata","Thakur","","mahesh.thakur455@vignan.ac.in","9980000455","Student#963"
"School of Computing and Informatics","Computer Applications","PG","Master of Computer Applications","251FD01006","Dinesh","Sri","Kulkarni","","dinesh.kulkarni456@vignan.ac.in","9980000456","Student#963"
"School of Computing and Informatics","Computer Applications","PG","Master of Computer Applications","251FD01007","Rajesh","Sai","Salunkhe","","rajesh.salunkhe457@vignan.ac.in","9980000457","Student#963"
"School of Computing and Informatics","Computer Applications","PG","Master of Computer Applications","251FD01008","Kiran","Mohan","Sharma","","kiran.sharma458@vignan.ac.in","9980000458","Student#963"
"School of Computing and Informatics","Computer Applications","PG","Master of Computer Applications","251FD01009","Tarun","Kishore","Nair","","tarun.nair459@vignan.ac.in","9980000459","Student#963"
"School of Computing and Informatics","Computer Applications","PG","Master of Computer Applications","251FD01010","Swathi","Babu","Mukherjee","","swathi.mukherjee460@vignan.ac.in","9980000460","Student#963"
"School of Computing and Informatics","Computer Applications","PG","Master of Computer Applications","251FD01011","Divya","","Tiwari","","divya.tiwari461@vignan.ac.in","9980000461","Student#963"
"School of Computing and Informatics","Computer Applications","PG","Master of Computer Applications","251FD01012","Harini","","Chauhan","","harini.chauhan462@vignan.ac.in","9980000462","Student#963"
"School of Computing and Informatics","Computer Applications","PG","Master of Computer Applications","251FD01013","Keerthi","","Deshmukh","","keerthi.deshmukh463@vignan.ac.in","9980000463","Student#963"
"School of Computing and Informatics","Computer Applications","PG","Master of Computer Applications","251FD01014","Lavanya","","Sawant","","lavanya.sawant464@vignan.ac.in","9980000464","Student#963"
"School of Computing and Informatics","Computer Applications","PG","Master of Computer Applications","251FD01015","Meghana","Kumar","Naidu","","meghana.naidu465@vignan.ac.in","9980000465","Student#963"
"School of Computing and Informatics","Computer Applications","PG","Master of Computer Applications","251FD01016","Mounika","Chandra","Bhat","","mounika.bhat466@vignan.ac.in","9980000466","Student#963"
"School of Computing and Informatics","Computer Applications","PG","Master of Computer Applications","251FD01017","Nandini","Prasad","Chatterjee","","nandini.chatterjee467@vignan.ac.in","9980000467","Student#963"
"School of Computing and Informatics","Computer Applications","PG","Master of Computer Applications","251FD01018","Pallavi","Raj","Pandey","","pallavi.pandey468@vignan.ac.in","9980000468","Student#963"
"School of Computing and Informatics","Computer Applications","PG","Master of Computer Applications","251FD01019","Pavani","Venkata","Yadav","","pavani.yadav469@vignan.ac.in","9980000469","Student#963"
"School of Computing and Informatics","Computer Applications","PG","Master of Computer Applications","251FD01020","Pranathi","Sri","Patil","","pranathi.patil470@vignan.ac.in","9980000470","Student#963"
"School of Computing and Informatics","Computer Applications","PG","Master of Computer Applications","251FD01021","Ramya","Sai","Tamboli","","ramya.tamboli471@vignan.ac.in","9980000471","Student#963"
"School of Computing and Informatics","Computer Applications","PG","Master of Computer Applications","251FD01022","Sandhya","Mohan","Goud","","sandhya.goud472@vignan.ac.in","9980000472","Student#963"
"School of Computing and Informatics","Computer Applications","PG","Master of Computer Applications","251FD01023","Sirisha","Kishore","Joshi","","sirisha.joshi473@vignan.ac.in","9980000473","Student#963"
"School of Computing and Informatics","Computer Applications","PG","Master of Computer Applications","251FD01024","Sowmya","Babu","Banerjee","","sowmya.banerjee474@vignan.ac.in","9980000474","Student#963"
"School of Computing and Informatics","Computer Applications","PG","Master of Computer Applications","251FD01025","Sravani","","Mishra","","sravani.mishra475@vignan.ac.in","9980000475","Student#963"
"School of Computing and Informatics","Computer Applications","PG","Master of Computer Applications","251FD01026","Srinu","","Singh","","srinu.singh476@vignan.ac.in","9980000476","Student#963"
"School of Computing and Informatics","Computer Applications","PG","Master of Computer Applications","251FD01027","Tejaswi","","Shinde","","tejaswi.shinde477@vignan.ac.in","9980000477","Student#963"
"School of Computing and Informatics","Computer Applications","PG","Master of Computer Applications","251FD01028","Vaishnavi","","Gaikwad","","vaishnavi.gaikwad478@vignan.ac.in","9980000478","Student#963"
"School of Computing and Informatics","Computer Applications","PG","Master of Computer Applications","251FD01029","Yamini","Kumar","Varma","","yamini.varma479@vignan.ac.in","9980000479","Student#963"
"School of Computing and Informatics","Computer Applications","PG","Master of Computer Applications","251FD01030","Aarav","Chandra","Mehta","","aarav.mehta480@vignan.ac.in","9980000480","Student#963"
"School of Computing and Informatics","Computer Applications","PG","Master of Computer Applications","251FD01031","Vivaan","Prasad","Das","","vivaan.das481@vignan.ac.in","9980000481","Student#963"
"School of Computing and Informatics","Computer Applications","PG","Master of Computer Applications","251FD01032","Aditya","Raj","Ghosh","","aditya.ghosh482@vignan.ac.in","9980000482","Student#963"
"School of Computing and Informatics","Computer Applications","PG","Master of Computer Applications","251FD01033","Vihaan","Venkata","Prasad","","vihaan.prasad483@vignan.ac.in","9980000483","Student#963"
"School of Computing and Informatics","Computer Applications","PG","Master of Computer Applications","251FD01034","Arjun","Sri","Kadam","","arjun.kadam484@vignan.ac.in","9980000484","Student#963"
"School of Computing and Informatics","Computer Applications","PG","Master of Computer Applications","251FD01035","Sai","Sai","Bhosale","","sai.bhosale485@vignan.ac.in","9980000485","Student#963"
"School of Computing and Informatics","Computer Applications","PG","Master of Computer Applications","251FD01036","Reyansh","Mohan","Rao","","reyansh.rao486@vignan.ac.in","9980000486","Student#963"
"School of Computing and Informatics","Computer Applications","PG","Master of Computer Applications","251FD01037","Ayaan","Kishore","Patel","","ayaan.patel487@vignan.ac.in","9980000487","Student#963"
"School of Computing and Informatics","Computer Applications","PG","Master of Computer Applications","251FD01038","Krishna","Babu","Menon","","krishna.menon488@vignan.ac.in","9980000488","Student#963"
"School of Computing and Informatics","Computer Applications","PG","Master of Computer Applications","251FD01039","Ishaan","","Dutta","","ishaan.dutta489@vignan.ac.in","9980000489","Student#963"
"School of Computing and Informatics","Computer Applications","PG","Master of Computer Applications","251FD01040","Shaurya","","Kumar","","shaurya.kumar490@vignan.ac.in","9980000490","Student#963"
"School of Computing and Informatics","Computer Applications","PG","Master of Computer Applications","251FD01041","Atharva","","Pawar","","atharva.pawar491@vignan.ac.in","9980000491","Student#963"
"School of Computing and Informatics","Computer Applications","PG","Master of Computer Applications","251FD01042","Advik","","More","","advik.more492@vignan.ac.in","9980000492","Student#963"
"School of Computing and Informatics","Computer Applications","PG","Master of Computer Applications","251FD01043","Pranav","Kumar","Chowdhary","","pranav.chowdhary493@vignan.ac.in","9980000493","Student#963"
"School of Computing and Informatics","Computer Applications","PG","Master of Computer Applications","251FD01044","Advaith","Chandra","Gupta","","advaith.gupta494@vignan.ac.in","9980000494","Student#963"
"School of Computing and Informatics","Computer Applications","PG","Master of Computer Applications","251FD01045","Aaryan","Prasad","Iyer","","aaryan.iyer495@vignan.ac.in","9980000495","Student#963"
"School of Computing and Informatics","Computer Applications","PG","Master of Computer Applications","251FD01046","Dhruv","Raj","Bose","","dhruv.bose496@vignan.ac.in","9980000496","Student#963"
"School of Computing and Informatics","Computer Applications","PG","Master of Computer Applications","251FD01047","Kabir","Venkata","Shukla","","kabir.shukla497@vignan.ac.in","9980000497","Student#963"
"School of Computing and Informatics","Computer Applications","PG","Master of Computer Applications","251FD01048","Ritvik","Sri","Rathore","","ritvik.rathore498@vignan.ac.in","9980000498","Student#963"
"School of Computing and Informatics","Computer Applications","PG","Master of Computer Applications","251FD01049","Darsh","Sai","Jadhav","","darsh.jadhav499@vignan.ac.in","9980000499","Student#963"
"School of Computing and Informatics","Computer Applications","PG","Master of Computer Applications","251FD01050","Ananya","Mohan","Reddy","","ananya.reddy500@vignan.ac.in","9980000500","Student#963"
